PROJ,YEAR_INI,YEAR_FIN,NATUREZA,INTEGRANTES,COORDENA,ID,FULL_NAME,LAST_NAME,CITADO,CITY,STATE,RESUME,UPDATE,ADDRESS_ENTERP,ORCID,OR
Modelo Matemático para a Eletrodifusão em Meios Celulares Excitáveis,1997,1999,PESQUISA,['Antônio-Carlos Guimarães de Almeida'],['SIM'],2815105916715425,Antônio-Carlos Guimarães de Almeida,Almeida,"ALMEIDA, A.C.G. ou GUIMARAES ALMEIDA, A.C. ou ALMEIDA, A.C.;Almeida, Antônio-Carlos G.;Almeida, Antonio-Carlos G. de;de Almeida, Antônio-Carlos G;de Almeida, Antonio-Carlos;de Almeida, A C G;de Almeida, Antonio-Carlos G.;De Almeida, Antônio-Carlos G.;De Almeida, Antonio-Carlos Guimaraes;DE ALMEIDA, ANTONIO-CARLOS GUIMARÃES;ALMEIDA, ANTONIO-CARLOS GUIMARÃ£ES DE;GUIMARAES ALMEIDA, ANTONIO-CARLOS;GUIMARAES DE ALMEIDA, ANTONIO-CARLOS;GUIMARÃES DE ALMEIDA, ANTÔNIO-CARLOS;DE ALMEIDA, AC;DE ALMEIDA, ANTÔNIO-CARLOS GUIMARÃES;ANTONIO-CARLOS ALMEIDA;DE ALMEIDA, ANTÃ´NIO-CARLOS G.;Antonio-Carlos G. de Almeida;ACG de Almeida;G. DE ALMEIDA, ANTONIO-CARLOS;DE ALMEIDA, A.-C.G.;ALMEIDA, ANTÔNIO C. G.;DE ALMEIDA, ANTONIO CARLOS;ALMEIDA, ANTONIO CARLOS;DE ALMEIDA, A.-C. G.;ALMEIDA, ANTONIO C. G.;DE ALMEIDA, ANTONIO CARLO G.;ALMEIDA, ANTÔNIO-CARLOS GUIMARÃES DE;ALMEIDA, ANTONIO'CARLOS G.;ALMEIDA, ANTÔNIO-CARLOS GUIMARÃES;ALMEIDA, ANTONIO-CARLOS GUIMARAES;DE ALMEIDA, ANTONIO'CARLOS G.;ALMEIDA, ANTONIO-CARLOS G.;DE ALMEIDA, ANTÔNIO C. G.;ALMEIDA, A.-C.G.;ALMEIDA, ANTÔNIO CARLOS G. DE;ALMEIDA, ANTONIO CARLOS G. DE;DE ALMEIDA, ANTÔNIO CARLOS G.;DE ALMEIDA, ANTONIOCARLOS;DE ALMEIDA, ANTONIO-CARLOSG;ALMEIDA, ANTONIO-CARLOS G",São João del Rei,MG,"Possui graduação em Engenharia Elétrica pela Universidade Federal de Juiz de Fora (1985), mestrado em Engenharia Biomédica pela Universidade Federal do Rio de Janeiro (1990), doutorado em Engenharia Biomédica pela Universidade Federal do Rio de Janeiro (1992) e Pós-doutorado pela Johns Hopkins University (2001). Foi membro das Câmaras de Assessoramento da FAPEMIG de Ciências Exatas e da Terra (CEX) e Arquitetura e Engenharias (TEC), participou da Avaliações Trienal da CAPES 2013 e Quadrienal 2017, foi membro do Comitê Assessor de Engenharia Elétrica e Biomédica do CNPq. Atualmente é professor titular do Departamento de Engenharia de Biossistemas da Universidade Federal de São João del-Rei (UFSJ), Coordenador do Laboratório de Neurociência Experimental e Computacional &amp;quot;Dr Aristides Azevedo Pacheco Leão&amp;quot;, Coordenador da Câmara IV da Área Interdisciplinar da CAPES. Tem experiência na área de Engenharia Biomédica, atuando, principalmente, nos seguintes temas: depressão alastrante, epilepsia, eletrofisiologia, modelagem matemática e simulação computacional e identificação de propriedades de redes neurais realísticas.",21-11-2022,Universidade Federal de São João Del-Rei,,1
Desenvolvimento de Sistemas Eletrônicos para Medidas de Potenciais Bioelétricos Associados a Fenômenos de Excitação,2000,2002,PESQUISA,"['Antônio-Carlos Guimarães de Almeida', 'Fernando Lobo Vaz de Mello']","['SIM', 'NAO']",2815105916715425,Antônio-Carlos Guimarães de Almeida,Almeida,"ALMEIDA, A.C.G. ou GUIMARAES ALMEIDA, A.C. ou ALMEIDA, A.C.;Almeida, Antônio-Carlos G.;Almeida, Antonio-Carlos G. de;de Almeida, Antônio-Carlos G;de Almeida, Antonio-Carlos;de Almeida, A C G;de Almeida, Antonio-Carlos G.;De Almeida, Antônio-Carlos G.;De Almeida, Antonio-Carlos Guimaraes;DE ALMEIDA, ANTONIO-CARLOS GUIMARÃES;ALMEIDA, ANTONIO-CARLOS GUIMARÃ£ES DE;GUIMARAES ALMEIDA, ANTONIO-CARLOS;GUIMARAES DE ALMEIDA, ANTONIO-CARLOS;GUIMARÃES DE ALMEIDA, ANTÔNIO-CARLOS;DE ALMEIDA, AC;DE ALMEIDA, ANTÔNIO-CARLOS GUIMARÃES;ANTONIO-CARLOS ALMEIDA;DE ALMEIDA, ANTÃ´NIO-CARLOS G.;Antonio-Carlos G. de Almeida;ACG de Almeida;G. DE ALMEIDA, ANTONIO-CARLOS;DE ALMEIDA, A.-C.G.;ALMEIDA, ANTÔNIO C. G.;DE ALMEIDA, ANTONIO CARLOS;ALMEIDA, ANTONIO CARLOS;DE ALMEIDA, A.-C. G.;ALMEIDA, ANTONIO C. G.;DE ALMEIDA, ANTONIO CARLO G.;ALMEIDA, ANTÔNIO-CARLOS GUIMARÃES DE;ALMEIDA, ANTONIO'CARLOS G.;ALMEIDA, ANTÔNIO-CARLOS GUIMARÃES;ALMEIDA, ANTONIO-CARLOS GUIMARAES;DE ALMEIDA, ANTONIO'CARLOS G.;ALMEIDA, ANTONIO-CARLOS G.;DE ALMEIDA, ANTÔNIO C. G.;ALMEIDA, A.-C.G.;ALMEIDA, ANTÔNIO CARLOS G. DE;ALMEIDA, ANTONIO CARLOS G. DE;DE ALMEIDA, ANTÔNIO CARLOS G.;DE ALMEIDA, ANTONIOCARLOS;DE ALMEIDA, ANTONIO-CARLOSG;ALMEIDA, ANTONIO-CARLOS G",São João del Rei,MG,"Possui graduação em Engenharia Elétrica pela Universidade Federal de Juiz de Fora (1985), mestrado em Engenharia Biomédica pela Universidade Federal do Rio de Janeiro (1990), doutorado em Engenharia Biomédica pela Universidade Federal do Rio de Janeiro (1992) e Pós-doutorado pela Johns Hopkins University (2001). Foi membro das Câmaras de Assessoramento da FAPEMIG de Ciências Exatas e da Terra (CEX) e Arquitetura e Engenharias (TEC), participou da Avaliações Trienal da CAPES 2013 e Quadrienal 2017, foi membro do Comitê Assessor de Engenharia Elétrica e Biomédica do CNPq. Atualmente é professor titular do Departamento de Engenharia de Biossistemas da Universidade Federal de São João del-Rei (UFSJ), Coordenador do Laboratório de Neurociência Experimental e Computacional &amp;quot;Dr Aristides Azevedo Pacheco Leão&amp;quot;, Coordenador da Câmara IV da Área Interdisciplinar da CAPES. Tem experiência na área de Engenharia Biomédica, atuando, principalmente, nos seguintes temas: depressão alastrante, epilepsia, eletrofisiologia, modelagem matemática e simulação computacional e identificação de propriedades de redes neurais realísticas.",21-11-2022,Universidade Federal de São João Del-Rei,,1
Identificação Experimental da Influência da Eletrodifusão no Espaço Extracelular sobre a Eletrofisiologia de Tecidos Corticais,2001,ATUAL,PESQUISA,['Antônio-Carlos Guimarães de Almeida'],['SIM'],2815105916715425,Antônio-Carlos Guimarães de Almeida,Almeida,"ALMEIDA, A.C.G. ou GUIMARAES ALMEIDA, A.C. ou ALMEIDA, A.C.;Almeida, Antônio-Carlos G.;Almeida, Antonio-Carlos G. de;de Almeida, Antônio-Carlos G;de Almeida, Antonio-Carlos;de Almeida, A C G;de Almeida, Antonio-Carlos G.;De Almeida, Antônio-Carlos G.;De Almeida, Antonio-Carlos Guimaraes;DE ALMEIDA, ANTONIO-CARLOS GUIMARÃES;ALMEIDA, ANTONIO-CARLOS GUIMARÃ£ES DE;GUIMARAES ALMEIDA, ANTONIO-CARLOS;GUIMARAES DE ALMEIDA, ANTONIO-CARLOS;GUIMARÃES DE ALMEIDA, ANTÔNIO-CARLOS;DE ALMEIDA, AC;DE ALMEIDA, ANTÔNIO-CARLOS GUIMARÃES;ANTONIO-CARLOS ALMEIDA;DE ALMEIDA, ANTÃ´NIO-CARLOS G.;Antonio-Carlos G. de Almeida;ACG de Almeida;G. DE ALMEIDA, ANTONIO-CARLOS;DE ALMEIDA, A.-C.G.;ALMEIDA, ANTÔNIO C. G.;DE ALMEIDA, ANTONIO CARLOS;ALMEIDA, ANTONIO CARLOS;DE ALMEIDA, A.-C. G.;ALMEIDA, ANTONIO C. G.;DE ALMEIDA, ANTONIO CARLO G.;ALMEIDA, ANTÔNIO-CARLOS GUIMARÃES DE;ALMEIDA, ANTONIO'CARLOS G.;ALMEIDA, ANTÔNIO-CARLOS GUIMARÃES;ALMEIDA, ANTONIO-CARLOS GUIMARAES;DE ALMEIDA, ANTONIO'CARLOS G.;ALMEIDA, ANTONIO-CARLOS G.;DE ALMEIDA, ANTÔNIO C. G.;ALMEIDA, A.-C.G.;ALMEIDA, ANTÔNIO CARLOS G. DE;ALMEIDA, ANTONIO CARLOS G. DE;DE ALMEIDA, ANTÔNIO CARLOS G.;DE ALMEIDA, ANTONIOCARLOS;DE ALMEIDA, ANTONIO-CARLOSG;ALMEIDA, ANTONIO-CARLOS G",São João del Rei,MG,"Possui graduação em Engenharia Elétrica pela Universidade Federal de Juiz de Fora (1985), mestrado em Engenharia Biomédica pela Universidade Federal do Rio de Janeiro (1990), doutorado em Engenharia Biomédica pela Universidade Federal do Rio de Janeiro (1992) e Pós-doutorado pela Johns Hopkins University (2001). Foi membro das Câmaras de Assessoramento da FAPEMIG de Ciências Exatas e da Terra (CEX) e Arquitetura e Engenharias (TEC), participou da Avaliações Trienal da CAPES 2013 e Quadrienal 2017, foi membro do Comitê Assessor de Engenharia Elétrica e Biomédica do CNPq. Atualmente é professor titular do Departamento de Engenharia de Biossistemas da Universidade Federal de São João del-Rei (UFSJ), Coordenador do Laboratório de Neurociência Experimental e Computacional &amp;quot;Dr Aristides Azevedo Pacheco Leão&amp;quot;, Coordenador da Câmara IV da Área Interdisciplinar da CAPES. Tem experiência na área de Engenharia Biomédica, atuando, principalmente, nos seguintes temas: depressão alastrante, epilepsia, eletrofisiologia, modelagem matemática e simulação computacional e identificação de propriedades de redes neurais realísticas.",21-11-2022,Universidade Federal de São João Del-Rei,,1
Modelagem Matemática de Populações Neuronais em Larga Escala para Estudo da Dinâmica de Epilepsia Experimental do Hipocampo,1993,1994,PESQUISA,['Antônio-Carlos Guimarães de Almeida'],['SIM'],2815105916715425,Antônio-Carlos Guimarães de Almeida,Almeida,"ALMEIDA, A.C.G. ou GUIMARAES ALMEIDA, A.C. ou ALMEIDA, A.C.;Almeida, Antônio-Carlos G.;Almeida, Antonio-Carlos G. de;de Almeida, Antônio-Carlos G;de Almeida, Antonio-Carlos;de Almeida, A C G;de Almeida, Antonio-Carlos G.;De Almeida, Antônio-Carlos G.;De Almeida, Antonio-Carlos Guimaraes;DE ALMEIDA, ANTONIO-CARLOS GUIMARÃES;ALMEIDA, ANTONIO-CARLOS GUIMARÃ£ES DE;GUIMARAES ALMEIDA, ANTONIO-CARLOS;GUIMARAES DE ALMEIDA, ANTONIO-CARLOS;GUIMARÃES DE ALMEIDA, ANTÔNIO-CARLOS;DE ALMEIDA, AC;DE ALMEIDA, ANTÔNIO-CARLOS GUIMARÃES;ANTONIO-CARLOS ALMEIDA;DE ALMEIDA, ANTÃ´NIO-CARLOS G.;Antonio-Carlos G. de Almeida;ACG de Almeida;G. DE ALMEIDA, ANTONIO-CARLOS;DE ALMEIDA, A.-C.G.;ALMEIDA, ANTÔNIO C. G.;DE ALMEIDA, ANTONIO CARLOS;ALMEIDA, ANTONIO CARLOS;DE ALMEIDA, A.-C. G.;ALMEIDA, ANTONIO C. G.;DE ALMEIDA, ANTONIO CARLO G.;ALMEIDA, ANTÔNIO-CARLOS GUIMARÃES DE;ALMEIDA, ANTONIO'CARLOS G.;ALMEIDA, ANTÔNIO-CARLOS GUIMARÃES;ALMEIDA, ANTONIO-CARLOS GUIMARAES;DE ALMEIDA, ANTONIO'CARLOS G.;ALMEIDA, ANTONIO-CARLOS G.;DE ALMEIDA, ANTÔNIO C. G.;ALMEIDA, A.-C.G.;ALMEIDA, ANTÔNIO CARLOS G. DE;ALMEIDA, ANTONIO CARLOS G. DE;DE ALMEIDA, ANTÔNIO CARLOS G.;DE ALMEIDA, ANTONIOCARLOS;DE ALMEIDA, ANTONIO-CARLOSG;ALMEIDA, ANTONIO-CARLOS G",São João del Rei,MG,"Possui graduação em Engenharia Elétrica pela Universidade Federal de Juiz de Fora (1985), mestrado em Engenharia Biomédica pela Universidade Federal do Rio de Janeiro (1990), doutorado em Engenharia Biomédica pela Universidade Federal do Rio de Janeiro (1992) e Pós-doutorado pela Johns Hopkins University (2001). Foi membro das Câmaras de Assessoramento da FAPEMIG de Ciências Exatas e da Terra (CEX) e Arquitetura e Engenharias (TEC), participou da Avaliações Trienal da CAPES 2013 e Quadrienal 2017, foi membro do Comitê Assessor de Engenharia Elétrica e Biomédica do CNPq. Atualmente é professor titular do Departamento de Engenharia de Biossistemas da Universidade Federal de São João del-Rei (UFSJ), Coordenador do Laboratório de Neurociência Experimental e Computacional &amp;quot;Dr Aristides Azevedo Pacheco Leão&amp;quot;, Coordenador da Câmara IV da Área Interdisciplinar da CAPES. Tem experiência na área de Engenharia Biomédica, atuando, principalmente, nos seguintes temas: depressão alastrante, epilepsia, eletrofisiologia, modelagem matemática e simulação computacional e identificação de propriedades de redes neurais realísticas.",21-11-2022,Universidade Federal de São João Del-Rei,,1
Estudo Experimental e Matemático de Bursting epileptogênicos em Tecidos Neuronais,2004,ATUAL,PESQUISA,"['Antônio-Carlos Guimarães de Almeida', 'Mario Antônio Duarte', 'Hewerson Zansávio Teixeira', 'Rodrigo Seixas de Carvalho', 'Antônio Márcio Rodrigues']","['SIM', 'NAO', 'NAO', 'NAO', 'NAO']",2815105916715425,Antônio-Carlos Guimarães de Almeida,Almeida,"ALMEIDA, A.C.G. ou GUIMARAES ALMEIDA, A.C. ou ALMEIDA, A.C.;Almeida, Antônio-Carlos G.;Almeida, Antonio-Carlos G. de;de Almeida, Antônio-Carlos G;de Almeida, Antonio-Carlos;de Almeida, A C G;de Almeida, Antonio-Carlos G.;De Almeida, Antônio-Carlos G.;De Almeida, Antonio-Carlos Guimaraes;DE ALMEIDA, ANTONIO-CARLOS GUIMARÃES;ALMEIDA, ANTONIO-CARLOS GUIMARÃ£ES DE;GUIMARAES ALMEIDA, ANTONIO-CARLOS;GUIMARAES DE ALMEIDA, ANTONIO-CARLOS;GUIMARÃES DE ALMEIDA, ANTÔNIO-CARLOS;DE ALMEIDA, AC;DE ALMEIDA, ANTÔNIO-CARLOS GUIMARÃES;ANTONIO-CARLOS ALMEIDA;DE ALMEIDA, ANTÃ´NIO-CARLOS G.;Antonio-Carlos G. de Almeida;ACG de Almeida;G. DE ALMEIDA, ANTONIO-CARLOS;DE ALMEIDA, A.-C.G.;ALMEIDA, ANTÔNIO C. G.;DE ALMEIDA, ANTONIO CARLOS;ALMEIDA, ANTONIO CARLOS;DE ALMEIDA, A.-C. G.;ALMEIDA, ANTONIO C. G.;DE ALMEIDA, ANTONIO CARLO G.;ALMEIDA, ANTÔNIO-CARLOS GUIMARÃES DE;ALMEIDA, ANTONIO'CARLOS G.;ALMEIDA, ANTÔNIO-CARLOS GUIMARÃES;ALMEIDA, ANTONIO-CARLOS GUIMARAES;DE ALMEIDA, ANTONIO'CARLOS G.;ALMEIDA, ANTONIO-CARLOS G.;DE ALMEIDA, ANTÔNIO C. G.;ALMEIDA, A.-C.G.;ALMEIDA, ANTÔNIO CARLOS G. DE;ALMEIDA, ANTONIO CARLOS G. DE;DE ALMEIDA, ANTÔNIO CARLOS G.;DE ALMEIDA, ANTONIOCARLOS;DE ALMEIDA, ANTONIO-CARLOSG;ALMEIDA, ANTONIO-CARLOS G",São João del Rei,MG,"Possui graduação em Engenharia Elétrica pela Universidade Federal de Juiz de Fora (1985), mestrado em Engenharia Biomédica pela Universidade Federal do Rio de Janeiro (1990), doutorado em Engenharia Biomédica pela Universidade Federal do Rio de Janeiro (1992) e Pós-doutorado pela Johns Hopkins University (2001). Foi membro das Câmaras de Assessoramento da FAPEMIG de Ciências Exatas e da Terra (CEX) e Arquitetura e Engenharias (TEC), participou da Avaliações Trienal da CAPES 2013 e Quadrienal 2017, foi membro do Comitê Assessor de Engenharia Elétrica e Biomédica do CNPq. Atualmente é professor titular do Departamento de Engenharia de Biossistemas da Universidade Federal de São João del-Rei (UFSJ), Coordenador do Laboratório de Neurociência Experimental e Computacional &amp;quot;Dr Aristides Azevedo Pacheco Leão&amp;quot;, Coordenador da Câmara IV da Área Interdisciplinar da CAPES. Tem experiência na área de Engenharia Biomédica, atuando, principalmente, nos seguintes temas: depressão alastrante, epilepsia, eletrofisiologia, modelagem matemática e simulação computacional e identificação de propriedades de redes neurais realísticas.",21-11-2022,Universidade Federal de São João Del-Rei,,1
Biotério Central da Universidade Federal de São João del-Rei,2004,ATUAL,PESQUISA,"['Antônio-Carlos Guimarães de Almeida', 'Wellington Garcia Campos', 'Lilian Midori Ide']","['SIM', 'NAO', 'NAO']",2815105916715425,Antônio-Carlos Guimarães de Almeida,Almeida,"ALMEIDA, A.C.G. ou GUIMARAES ALMEIDA, A.C. ou ALMEIDA, A.C.;Almeida, Antônio-Carlos G.;Almeida, Antonio-Carlos G. de;de Almeida, Antônio-Carlos G;de Almeida, Antonio-Carlos;de Almeida, A C G;de Almeida, Antonio-Carlos G.;De Almeida, Antônio-Carlos G.;De Almeida, Antonio-Carlos Guimaraes;DE ALMEIDA, ANTONIO-CARLOS GUIMARÃES;ALMEIDA, ANTONIO-CARLOS GUIMARÃ£ES DE;GUIMARAES ALMEIDA, ANTONIO-CARLOS;GUIMARAES DE ALMEIDA, ANTONIO-CARLOS;GUIMARÃES DE ALMEIDA, ANTÔNIO-CARLOS;DE ALMEIDA, AC;DE ALMEIDA, ANTÔNIO-CARLOS GUIMARÃES;ANTONIO-CARLOS ALMEIDA;DE ALMEIDA, ANTÃ´NIO-CARLOS G.;Antonio-Carlos G. de Almeida;ACG de Almeida;G. DE ALMEIDA, ANTONIO-CARLOS;DE ALMEIDA, A.-C.G.;ALMEIDA, ANTÔNIO C. G.;DE ALMEIDA, ANTONIO CARLOS;ALMEIDA, ANTONIO CARLOS;DE ALMEIDA, A.-C. G.;ALMEIDA, ANTONIO C. G.;DE ALMEIDA, ANTONIO CARLO G.;ALMEIDA, ANTÔNIO-CARLOS GUIMARÃES DE;ALMEIDA, ANTONIO'CARLOS G.;ALMEIDA, ANTÔNIO-CARLOS GUIMARÃES;ALMEIDA, ANTONIO-CARLOS GUIMARAES;DE ALMEIDA, ANTONIO'CARLOS G.;ALMEIDA, ANTONIO-CARLOS G.;DE ALMEIDA, ANTÔNIO C. G.;ALMEIDA, A.-C.G.;ALMEIDA, ANTÔNIO CARLOS G. DE;ALMEIDA, ANTONIO CARLOS G. DE;DE ALMEIDA, ANTÔNIO CARLOS G.;DE ALMEIDA, ANTONIOCARLOS;DE ALMEIDA, ANTONIO-CARLOSG;ALMEIDA, ANTONIO-CARLOS G",São João del Rei,MG,"Possui graduação em Engenharia Elétrica pela Universidade Federal de Juiz de Fora (1985), mestrado em Engenharia Biomédica pela Universidade Federal do Rio de Janeiro (1990), doutorado em Engenharia Biomédica pela Universidade Federal do Rio de Janeiro (1992) e Pós-doutorado pela Johns Hopkins University (2001). Foi membro das Câmaras de Assessoramento da FAPEMIG de Ciências Exatas e da Terra (CEX) e Arquitetura e Engenharias (TEC), participou da Avaliações Trienal da CAPES 2013 e Quadrienal 2017, foi membro do Comitê Assessor de Engenharia Elétrica e Biomédica do CNPq. Atualmente é professor titular do Departamento de Engenharia de Biossistemas da Universidade Federal de São João del-Rei (UFSJ), Coordenador do Laboratório de Neurociência Experimental e Computacional &amp;quot;Dr Aristides Azevedo Pacheco Leão&amp;quot;, Coordenador da Câmara IV da Área Interdisciplinar da CAPES. Tem experiência na área de Engenharia Biomédica, atuando, principalmente, nos seguintes temas: depressão alastrante, epilepsia, eletrofisiologia, modelagem matemática e simulação computacional e identificação de propriedades de redes neurais realísticas.",21-11-2022,Universidade Federal de São João Del-Rei,,1
Mecanismos estruturais das atividades epileptiformes sinápticas e não-sinápticas,2009,2011,PESQUISA,['Antônio-Carlos Guimarães de Almeida'],['SIM'],2815105916715425,Antônio-Carlos Guimarães de Almeida,Almeida,"ALMEIDA, A.C.G. ou GUIMARAES ALMEIDA, A.C. ou ALMEIDA, A.C.;Almeida, Antônio-Carlos G.;Almeida, Antonio-Carlos G. de;de Almeida, Antônio-Carlos G;de Almeida, Antonio-Carlos;de Almeida, A C G;de Almeida, Antonio-Carlos G.;De Almeida, Antônio-Carlos G.;De Almeida, Antonio-Carlos Guimaraes;DE ALMEIDA, ANTONIO-CARLOS GUIMARÃES;ALMEIDA, ANTONIO-CARLOS GUIMARÃ£ES DE;GUIMARAES ALMEIDA, ANTONIO-CARLOS;GUIMARAES DE ALMEIDA, ANTONIO-CARLOS;GUIMARÃES DE ALMEIDA, ANTÔNIO-CARLOS;DE ALMEIDA, AC;DE ALMEIDA, ANTÔNIO-CARLOS GUIMARÃES;ANTONIO-CARLOS ALMEIDA;DE ALMEIDA, ANTÃ´NIO-CARLOS G.;Antonio-Carlos G. de Almeida;ACG de Almeida;G. DE ALMEIDA, ANTONIO-CARLOS;DE ALMEIDA, A.-C.G.;ALMEIDA, ANTÔNIO C. G.;DE ALMEIDA, ANTONIO CARLOS;ALMEIDA, ANTONIO CARLOS;DE ALMEIDA, A.-C. G.;ALMEIDA, ANTONIO C. G.;DE ALMEIDA, ANTONIO CARLO G.;ALMEIDA, ANTÔNIO-CARLOS GUIMARÃES DE;ALMEIDA, ANTONIO'CARLOS G.;ALMEIDA, ANTÔNIO-CARLOS GUIMARÃES;ALMEIDA, ANTONIO-CARLOS GUIMARAES;DE ALMEIDA, ANTONIO'CARLOS G.;ALMEIDA, ANTONIO-CARLOS G.;DE ALMEIDA, ANTÔNIO C. G.;ALMEIDA, A.-C.G.;ALMEIDA, ANTÔNIO CARLOS G. DE;ALMEIDA, ANTONIO CARLOS G. DE;DE ALMEIDA, ANTÔNIO CARLOS G.;DE ALMEIDA, ANTONIOCARLOS;DE ALMEIDA, ANTONIO-CARLOSG;ALMEIDA, ANTONIO-CARLOS G",São João del Rei,MG,"Possui graduação em Engenharia Elétrica pela Universidade Federal de Juiz de Fora (1985), mestrado em Engenharia Biomédica pela Universidade Federal do Rio de Janeiro (1990), doutorado em Engenharia Biomédica pela Universidade Federal do Rio de Janeiro (1992) e Pós-doutorado pela Johns Hopkins University (2001). Foi membro das Câmaras de Assessoramento da FAPEMIG de Ciências Exatas e da Terra (CEX) e Arquitetura e Engenharias (TEC), participou da Avaliações Trienal da CAPES 2013 e Quadrienal 2017, foi membro do Comitê Assessor de Engenharia Elétrica e Biomédica do CNPq. Atualmente é professor titular do Departamento de Engenharia de Biossistemas da Universidade Federal de São João del-Rei (UFSJ), Coordenador do Laboratório de Neurociência Experimental e Computacional &amp;quot;Dr Aristides Azevedo Pacheco Leão&amp;quot;, Coordenador da Câmara IV da Área Interdisciplinar da CAPES. Tem experiência na área de Engenharia Biomédica, atuando, principalmente, nos seguintes temas: depressão alastrante, epilepsia, eletrofisiologia, modelagem matemática e simulação computacional e identificação de propriedades de redes neurais realísticas.",21-11-2022,Universidade Federal de São João Del-Rei,,1
A estrutura não-sináptica das atividades epileptiformes,2009,2010,PESQUISA,['Antônio-Carlos Guimarães de Almeida'],['SIM'],2815105916715425,Antônio-Carlos Guimarães de Almeida,Almeida,"ALMEIDA, A.C.G. ou GUIMARAES ALMEIDA, A.C. ou ALMEIDA, A.C.;Almeida, Antônio-Carlos G.;Almeida, Antonio-Carlos G. de;de Almeida, Antônio-Carlos G;de Almeida, Antonio-Carlos;de Almeida, A C G;de Almeida, Antonio-Carlos G.;De Almeida, Antônio-Carlos G.;De Almeida, Antonio-Carlos Guimaraes;DE ALMEIDA, ANTONIO-CARLOS GUIMARÃES;ALMEIDA, ANTONIO-CARLOS GUIMARÃ£ES DE;GUIMARAES ALMEIDA, ANTONIO-CARLOS;GUIMARAES DE ALMEIDA, ANTONIO-CARLOS;GUIMARÃES DE ALMEIDA, ANTÔNIO-CARLOS;DE ALMEIDA, AC;DE ALMEIDA, ANTÔNIO-CARLOS GUIMARÃES;ANTONIO-CARLOS ALMEIDA;DE ALMEIDA, ANTÃ´NIO-CARLOS G.;Antonio-Carlos G. de Almeida;ACG de Almeida;G. DE ALMEIDA, ANTONIO-CARLOS;DE ALMEIDA, A.-C.G.;ALMEIDA, ANTÔNIO C. G.;DE ALMEIDA, ANTONIO CARLOS;ALMEIDA, ANTONIO CARLOS;DE ALMEIDA, A.-C. G.;ALMEIDA, ANTONIO C. G.;DE ALMEIDA, ANTONIO CARLO G.;ALMEIDA, ANTÔNIO-CARLOS GUIMARÃES DE;ALMEIDA, ANTONIO'CARLOS G.;ALMEIDA, ANTÔNIO-CARLOS GUIMARÃES;ALMEIDA, ANTONIO-CARLOS GUIMARAES;DE ALMEIDA, ANTONIO'CARLOS G.;ALMEIDA, ANTONIO-CARLOS G.;DE ALMEIDA, ANTÔNIO C. G.;ALMEIDA, A.-C.G.;ALMEIDA, ANTÔNIO CARLOS G. DE;ALMEIDA, ANTONIO CARLOS G. DE;DE ALMEIDA, ANTÔNIO CARLOS G.;DE ALMEIDA, ANTONIOCARLOS;DE ALMEIDA, ANTONIO-CARLOSG;ALMEIDA, ANTONIO-CARLOS G",São João del Rei,MG,"Possui graduação em Engenharia Elétrica pela Universidade Federal de Juiz de Fora (1985), mestrado em Engenharia Biomédica pela Universidade Federal do Rio de Janeiro (1990), doutorado em Engenharia Biomédica pela Universidade Federal do Rio de Janeiro (1992) e Pós-doutorado pela Johns Hopkins University (2001). Foi membro das Câmaras de Assessoramento da FAPEMIG de Ciências Exatas e da Terra (CEX) e Arquitetura e Engenharias (TEC), participou da Avaliações Trienal da CAPES 2013 e Quadrienal 2017, foi membro do Comitê Assessor de Engenharia Elétrica e Biomédica do CNPq. Atualmente é professor titular do Departamento de Engenharia de Biossistemas da Universidade Federal de São João del-Rei (UFSJ), Coordenador do Laboratório de Neurociência Experimental e Computacional &amp;quot;Dr Aristides Azevedo Pacheco Leão&amp;quot;, Coordenador da Câmara IV da Área Interdisciplinar da CAPES. Tem experiência na área de Engenharia Biomédica, atuando, principalmente, nos seguintes temas: depressão alastrante, epilepsia, eletrofisiologia, modelagem matemática e simulação computacional e identificação de propriedades de redes neurais realísticas.",21-11-2022,Universidade Federal de São João Del-Rei,,1
Efeitos dinâmicos dos mecanismos sinápticos e não-sinápticos em epilepsias refratárias,2011,2013,PESQUISA,['Antônio-Carlos Guimarães de Almeida'],['SIM'],2815105916715425,Antônio-Carlos Guimarães de Almeida,Almeida,"ALMEIDA, A.C.G. ou GUIMARAES ALMEIDA, A.C. ou ALMEIDA, A.C.;Almeida, Antônio-Carlos G.;Almeida, Antonio-Carlos G. de;de Almeida, Antônio-Carlos G;de Almeida, Antonio-Carlos;de Almeida, A C G;de Almeida, Antonio-Carlos G.;De Almeida, Antônio-Carlos G.;De Almeida, Antonio-Carlos Guimaraes;DE ALMEIDA, ANTONIO-CARLOS GUIMARÃES;ALMEIDA, ANTONIO-CARLOS GUIMARÃ£ES DE;GUIMARAES ALMEIDA, ANTONIO-CARLOS;GUIMARAES DE ALMEIDA, ANTONIO-CARLOS;GUIMARÃES DE ALMEIDA, ANTÔNIO-CARLOS;DE ALMEIDA, AC;DE ALMEIDA, ANTÔNIO-CARLOS GUIMARÃES;ANTONIO-CARLOS ALMEIDA;DE ALMEIDA, ANTÃ´NIO-CARLOS G.;Antonio-Carlos G. de Almeida;ACG de Almeida;G. DE ALMEIDA, ANTONIO-CARLOS;DE ALMEIDA, A.-C.G.;ALMEIDA, ANTÔNIO C. G.;DE ALMEIDA, ANTONIO CARLOS;ALMEIDA, ANTONIO CARLOS;DE ALMEIDA, A.-C. G.;ALMEIDA, ANTONIO C. G.;DE ALMEIDA, ANTONIO CARLO G.;ALMEIDA, ANTÔNIO-CARLOS GUIMARÃES DE;ALMEIDA, ANTONIO'CARLOS G.;ALMEIDA, ANTÔNIO-CARLOS GUIMARÃES;ALMEIDA, ANTONIO-CARLOS GUIMARAES;DE ALMEIDA, ANTONIO'CARLOS G.;ALMEIDA, ANTONIO-CARLOS G.;DE ALMEIDA, ANTÔNIO C. G.;ALMEIDA, A.-C.G.;ALMEIDA, ANTÔNIO CARLOS G. DE;ALMEIDA, ANTONIO CARLOS G. DE;DE ALMEIDA, ANTÔNIO CARLOS G.;DE ALMEIDA, ANTONIOCARLOS;DE ALMEIDA, ANTONIO-CARLOSG;ALMEIDA, ANTONIO-CARLOS G",São João del Rei,MG,"Possui graduação em Engenharia Elétrica pela Universidade Federal de Juiz de Fora (1985), mestrado em Engenharia Biomédica pela Universidade Federal do Rio de Janeiro (1990), doutorado em Engenharia Biomédica pela Universidade Federal do Rio de Janeiro (1992) e Pós-doutorado pela Johns Hopkins University (2001). Foi membro das Câmaras de Assessoramento da FAPEMIG de Ciências Exatas e da Terra (CEX) e Arquitetura e Engenharias (TEC), participou da Avaliações Trienal da CAPES 2013 e Quadrienal 2017, foi membro do Comitê Assessor de Engenharia Elétrica e Biomédica do CNPq. Atualmente é professor titular do Departamento de Engenharia de Biossistemas da Universidade Federal de São João del-Rei (UFSJ), Coordenador do Laboratório de Neurociência Experimental e Computacional &amp;quot;Dr Aristides Azevedo Pacheco Leão&amp;quot;, Coordenador da Câmara IV da Área Interdisciplinar da CAPES. Tem experiência na área de Engenharia Biomédica, atuando, principalmente, nos seguintes temas: depressão alastrante, epilepsia, eletrofisiologia, modelagem matemática e simulação computacional e identificação de propriedades de redes neurais realísticas.",21-11-2022,Universidade Federal de São João Del-Rei,,1
Mecanismos sinápticos e não-sinápticos das epilepsias refratárias e suas implicações na busca de novas estratégias terapêuticas: uma abordagem translacional,2009,2013,PESQUISA,"['Antônio-Carlos Guimarães de Almeida', 'FÚLVIO ALEXANDRE SCORZA', 'RICARDO MARIO ARIDA', 'Esper Abrão Cavalheiro', 'João Pereira Leite']","['SIM', 'NAO', 'NAO', 'NAO', 'NAO']",2815105916715425,Antônio-Carlos Guimarães de Almeida,Almeida,"ALMEIDA, A.C.G. ou GUIMARAES ALMEIDA, A.C. ou ALMEIDA, A.C.;Almeida, Antônio-Carlos G.;Almeida, Antonio-Carlos G. de;de Almeida, Antônio-Carlos G;de Almeida, Antonio-Carlos;de Almeida, A C G;de Almeida, Antonio-Carlos G.;De Almeida, Antônio-Carlos G.;De Almeida, Antonio-Carlos Guimaraes;DE ALMEIDA, ANTONIO-CARLOS GUIMARÃES;ALMEIDA, ANTONIO-CARLOS GUIMARÃ£ES DE;GUIMARAES ALMEIDA, ANTONIO-CARLOS;GUIMARAES DE ALMEIDA, ANTONIO-CARLOS;GUIMARÃES DE ALMEIDA, ANTÔNIO-CARLOS;DE ALMEIDA, AC;DE ALMEIDA, ANTÔNIO-CARLOS GUIMARÃES;ANTONIO-CARLOS ALMEIDA;DE ALMEIDA, ANTÃ´NIO-CARLOS G.;Antonio-Carlos G. de Almeida;ACG de Almeida;G. DE ALMEIDA, ANTONIO-CARLOS;DE ALMEIDA, A.-C.G.;ALMEIDA, ANTÔNIO C. G.;DE ALMEIDA, ANTONIO CARLOS;ALMEIDA, ANTONIO CARLOS;DE ALMEIDA, A.-C. G.;ALMEIDA, ANTONIO C. G.;DE ALMEIDA, ANTONIO CARLO G.;ALMEIDA, ANTÔNIO-CARLOS GUIMARÃES DE;ALMEIDA, ANTONIO'CARLOS G.;ALMEIDA, ANTÔNIO-CARLOS GUIMARÃES;ALMEIDA, ANTONIO-CARLOS GUIMARAES;DE ALMEIDA, ANTONIO'CARLOS G.;ALMEIDA, ANTONIO-CARLOS G.;DE ALMEIDA, ANTÔNIO C. G.;ALMEIDA, A.-C.G.;ALMEIDA, ANTÔNIO CARLOS G. DE;ALMEIDA, ANTONIO CARLOS G. DE;DE ALMEIDA, ANTÔNIO CARLOS G.;DE ALMEIDA, ANTONIOCARLOS;DE ALMEIDA, ANTONIO-CARLOSG;ALMEIDA, ANTONIO-CARLOS G",São João del Rei,MG,"Possui graduação em Engenharia Elétrica pela Universidade Federal de Juiz de Fora (1985), mestrado em Engenharia Biomédica pela Universidade Federal do Rio de Janeiro (1990), doutorado em Engenharia Biomédica pela Universidade Federal do Rio de Janeiro (1992) e Pós-doutorado pela Johns Hopkins University (2001). Foi membro das Câmaras de Assessoramento da FAPEMIG de Ciências Exatas e da Terra (CEX) e Arquitetura e Engenharias (TEC), participou da Avaliações Trienal da CAPES 2013 e Quadrienal 2017, foi membro do Comitê Assessor de Engenharia Elétrica e Biomédica do CNPq. Atualmente é professor titular do Departamento de Engenharia de Biossistemas da Universidade Federal de São João del-Rei (UFSJ), Coordenador do Laboratório de Neurociência Experimental e Computacional &amp;quot;Dr Aristides Azevedo Pacheco Leão&amp;quot;, Coordenador da Câmara IV da Área Interdisciplinar da CAPES. Tem experiência na área de Engenharia Biomédica, atuando, principalmente, nos seguintes temas: depressão alastrante, epilepsia, eletrofisiologia, modelagem matemática e simulação computacional e identificação de propriedades de redes neurais realísticas.",21-11-2022,Universidade Federal de São João Del-Rei,,1
Mecanismos sinápticos e não-sinápticos das epilepsias refratárias e suas implicações na busca de novas estratégias terapêuticas: uma abordagem translacional,2010,2013,PESQUISA,"['Antônio-Carlos Guimarães de Almeida', 'Mario Antônio Duarte', 'FÚLVIO ALEXANDRE SCORZA', 'CARLA ALESSANDRA SCORZA', 'Esper Abrão Cavalheiro', 'GILCELIO AMARAL SILVEIRA', 'Rodrigues, Antônio M.', 'João Pereira Leite']","['SIM', 'NAO', 'NAO', 'NAO', 'NAO', 'NAO', 'NAO', 'NAO']",2815105916715425,Antônio-Carlos Guimarães de Almeida,Almeida,"ALMEIDA, A.C.G. ou GUIMARAES ALMEIDA, A.C. ou ALMEIDA, A.C.;Almeida, Antônio-Carlos G.;Almeida, Antonio-Carlos G. de;de Almeida, Antônio-Carlos G;de Almeida, Antonio-Carlos;de Almeida, A C G;de Almeida, Antonio-Carlos G.;De Almeida, Antônio-Carlos G.;De Almeida, Antonio-Carlos Guimaraes;DE ALMEIDA, ANTONIO-CARLOS GUIMARÃES;ALMEIDA, ANTONIO-CARLOS GUIMARÃ£ES DE;GUIMARAES ALMEIDA, ANTONIO-CARLOS;GUIMARAES DE ALMEIDA, ANTONIO-CARLOS;GUIMARÃES DE ALMEIDA, ANTÔNIO-CARLOS;DE ALMEIDA, AC;DE ALMEIDA, ANTÔNIO-CARLOS GUIMARÃES;ANTONIO-CARLOS ALMEIDA;DE ALMEIDA, ANTÃ´NIO-CARLOS G.;Antonio-Carlos G. de Almeida;ACG de Almeida;G. DE ALMEIDA, ANTONIO-CARLOS;DE ALMEIDA, A.-C.G.;ALMEIDA, ANTÔNIO C. G.;DE ALMEIDA, ANTONIO CARLOS;ALMEIDA, ANTONIO CARLOS;DE ALMEIDA, A.-C. G.;ALMEIDA, ANTONIO C. G.;DE ALMEIDA, ANTONIO CARLO G.;ALMEIDA, ANTÔNIO-CARLOS GUIMARÃES DE;ALMEIDA, ANTONIO'CARLOS G.;ALMEIDA, ANTÔNIO-CARLOS GUIMARÃES;ALMEIDA, ANTONIO-CARLOS GUIMARAES;DE ALMEIDA, ANTONIO'CARLOS G.;ALMEIDA, ANTONIO-CARLOS G.;DE ALMEIDA, ANTÔNIO C. G.;ALMEIDA, A.-C.G.;ALMEIDA, ANTÔNIO CARLOS G. DE;ALMEIDA, ANTONIO CARLOS G. DE;DE ALMEIDA, ANTÔNIO CARLOS G.;DE ALMEIDA, ANTONIOCARLOS;DE ALMEIDA, ANTONIO-CARLOSG;ALMEIDA, ANTONIO-CARLOS G",São João del Rei,MG,"Possui graduação em Engenharia Elétrica pela Universidade Federal de Juiz de Fora (1985), mestrado em Engenharia Biomédica pela Universidade Federal do Rio de Janeiro (1990), doutorado em Engenharia Biomédica pela Universidade Federal do Rio de Janeiro (1992) e Pós-doutorado pela Johns Hopkins University (2001). Foi membro das Câmaras de Assessoramento da FAPEMIG de Ciências Exatas e da Terra (CEX) e Arquitetura e Engenharias (TEC), participou da Avaliações Trienal da CAPES 2013 e Quadrienal 2017, foi membro do Comitê Assessor de Engenharia Elétrica e Biomédica do CNPq. Atualmente é professor titular do Departamento de Engenharia de Biossistemas da Universidade Federal de São João del-Rei (UFSJ), Coordenador do Laboratório de Neurociência Experimental e Computacional &amp;quot;Dr Aristides Azevedo Pacheco Leão&amp;quot;, Coordenador da Câmara IV da Área Interdisciplinar da CAPES. Tem experiência na área de Engenharia Biomédica, atuando, principalmente, nos seguintes temas: depressão alastrante, epilepsia, eletrofisiologia, modelagem matemática e simulação computacional e identificação de propriedades de redes neurais realísticas.",21-11-2022,Universidade Federal de São João Del-Rei,,1
Bioengenharia dos mecanismos não-sinápticos ? uma estratégia promissora para o controle das epilepsias refratárias a medicamentos,2014,ATUAL,PESQUISA,"['Antônio-Carlos Guimarães de Almeida', 'Antonio Fernando Catelli Infantosi', 'Mario Antônio Duarte', 'Esper Abrão Cavalheiro', 'GILCELIO AMARAL SILVEIRA', 'Scorza, Fulvio Alexandre', 'Ivan Carlos dos Santos', 'RODRIGUES, AM']","['SIM', 'NAO', 'NAO', 'NAO', 'NAO', 'NAO', 'NAO', 'NAO']",2815105916715425,Antônio-Carlos Guimarães de Almeida,Almeida,"ALMEIDA, A.C.G. ou GUIMARAES ALMEIDA, A.C. ou ALMEIDA, A.C.;Almeida, Antônio-Carlos G.;Almeida, Antonio-Carlos G. de;de Almeida, Antônio-Carlos G;de Almeida, Antonio-Carlos;de Almeida, A C G;de Almeida, Antonio-Carlos G.;De Almeida, Antônio-Carlos G.;De Almeida, Antonio-Carlos Guimaraes;DE ALMEIDA, ANTONIO-CARLOS GUIMARÃES;ALMEIDA, ANTONIO-CARLOS GUIMARÃ£ES DE;GUIMARAES ALMEIDA, ANTONIO-CARLOS;GUIMARAES DE ALMEIDA, ANTONIO-CARLOS;GUIMARÃES DE ALMEIDA, ANTÔNIO-CARLOS;DE ALMEIDA, AC;DE ALMEIDA, ANTÔNIO-CARLOS GUIMARÃES;ANTONIO-CARLOS ALMEIDA;DE ALMEIDA, ANTÃ´NIO-CARLOS G.;Antonio-Carlos G. de Almeida;ACG de Almeida;G. DE ALMEIDA, ANTONIO-CARLOS;DE ALMEIDA, A.-C.G.;ALMEIDA, ANTÔNIO C. G.;DE ALMEIDA, ANTONIO CARLOS;ALMEIDA, ANTONIO CARLOS;DE ALMEIDA, A.-C. G.;ALMEIDA, ANTONIO C. G.;DE ALMEIDA, ANTONIO CARLO G.;ALMEIDA, ANTÔNIO-CARLOS GUIMARÃES DE;ALMEIDA, ANTONIO'CARLOS G.;ALMEIDA, ANTÔNIO-CARLOS GUIMARÃES;ALMEIDA, ANTONIO-CARLOS GUIMARAES;DE ALMEIDA, ANTONIO'CARLOS G.;ALMEIDA, ANTONIO-CARLOS G.;DE ALMEIDA, ANTÔNIO C. G.;ALMEIDA, A.-C.G.;ALMEIDA, ANTÔNIO CARLOS G. DE;ALMEIDA, ANTONIO CARLOS G. DE;DE ALMEIDA, ANTÔNIO CARLOS G.;DE ALMEIDA, ANTONIOCARLOS;DE ALMEIDA, ANTONIO-CARLOSG;ALMEIDA, ANTONIO-CARLOS G",São João del Rei,MG,"Possui graduação em Engenharia Elétrica pela Universidade Federal de Juiz de Fora (1985), mestrado em Engenharia Biomédica pela Universidade Federal do Rio de Janeiro (1990), doutorado em Engenharia Biomédica pela Universidade Federal do Rio de Janeiro (1992) e Pós-doutorado pela Johns Hopkins University (2001). Foi membro das Câmaras de Assessoramento da FAPEMIG de Ciências Exatas e da Terra (CEX) e Arquitetura e Engenharias (TEC), participou da Avaliações Trienal da CAPES 2013 e Quadrienal 2017, foi membro do Comitê Assessor de Engenharia Elétrica e Biomédica do CNPq. Atualmente é professor titular do Departamento de Engenharia de Biossistemas da Universidade Federal de São João del-Rei (UFSJ), Coordenador do Laboratório de Neurociência Experimental e Computacional &amp;quot;Dr Aristides Azevedo Pacheco Leão&amp;quot;, Coordenador da Câmara IV da Área Interdisciplinar da CAPES. Tem experiência na área de Engenharia Biomédica, atuando, principalmente, nos seguintes temas: depressão alastrante, epilepsia, eletrofisiologia, modelagem matemática e simulação computacional e identificação de propriedades de redes neurais realísticas.",21-11-2022,Universidade Federal de São João Del-Rei,,1
Neurobiotecnologia  -  Prospecção de Drogas Anti-epileptogênicas,2014,ATUAL,PESQUISA,"['Antônio-Carlos Guimarães de Almeida', 'Mario Antônio Duarte', 'FÚLVIO ALEXANDRE SCORZA', 'CARLA ALESSANDRA SCORZA', 'Esper Abrão Cavalheiro', 'GILCELIO AMARAL SILVEIRA', 'Ivan Carlos dos Santos', 'RODRIGUES, AM']","['SIM', 'NAO', 'NAO', 'NAO', 'NAO', 'NAO', 'NAO', 'NAO']",2815105916715425,Antônio-Carlos Guimarães de Almeida,Almeida,"ALMEIDA, A.C.G. ou GUIMARAES ALMEIDA, A.C. ou ALMEIDA, A.C.;Almeida, Antônio-Carlos G.;Almeida, Antonio-Carlos G. de;de Almeida, Antônio-Carlos G;de Almeida, Antonio-Carlos;de Almeida, A C G;de Almeida, Antonio-Carlos G.;De Almeida, Antônio-Carlos G.;De Almeida, Antonio-Carlos Guimaraes;DE ALMEIDA, ANTONIO-CARLOS GUIMARÃES;ALMEIDA, ANTONIO-CARLOS GUIMARÃ£ES DE;GUIMARAES ALMEIDA, ANTONIO-CARLOS;GUIMARAES DE ALMEIDA, ANTONIO-CARLOS;GUIMARÃES DE ALMEIDA, ANTÔNIO-CARLOS;DE ALMEIDA, AC;DE ALMEIDA, ANTÔNIO-CARLOS GUIMARÃES;ANTONIO-CARLOS ALMEIDA;DE ALMEIDA, ANTÃ´NIO-CARLOS G.;Antonio-Carlos G. de Almeida;ACG de Almeida;G. DE ALMEIDA, ANTONIO-CARLOS;DE ALMEIDA, A.-C.G.;ALMEIDA, ANTÔNIO C. G.;DE ALMEIDA, ANTONIO CARLOS;ALMEIDA, ANTONIO CARLOS;DE ALMEIDA, A.-C. G.;ALMEIDA, ANTONIO C. G.;DE ALMEIDA, ANTONIO CARLO G.;ALMEIDA, ANTÔNIO-CARLOS GUIMARÃES DE;ALMEIDA, ANTONIO'CARLOS G.;ALMEIDA, ANTÔNIO-CARLOS GUIMARÃES;ALMEIDA, ANTONIO-CARLOS GUIMARAES;DE ALMEIDA, ANTONIO'CARLOS G.;ALMEIDA, ANTONIO-CARLOS G.;DE ALMEIDA, ANTÔNIO C. G.;ALMEIDA, A.-C.G.;ALMEIDA, ANTÔNIO CARLOS G. DE;ALMEIDA, ANTONIO CARLOS G. DE;DE ALMEIDA, ANTÔNIO CARLOS G.;DE ALMEIDA, ANTONIOCARLOS;DE ALMEIDA, ANTONIO-CARLOSG;ALMEIDA, ANTONIO-CARLOS G",São João del Rei,MG,"Possui graduação em Engenharia Elétrica pela Universidade Federal de Juiz de Fora (1985), mestrado em Engenharia Biomédica pela Universidade Federal do Rio de Janeiro (1990), doutorado em Engenharia Biomédica pela Universidade Federal do Rio de Janeiro (1992) e Pós-doutorado pela Johns Hopkins University (2001). Foi membro das Câmaras de Assessoramento da FAPEMIG de Ciências Exatas e da Terra (CEX) e Arquitetura e Engenharias (TEC), participou da Avaliações Trienal da CAPES 2013 e Quadrienal 2017, foi membro do Comitê Assessor de Engenharia Elétrica e Biomédica do CNPq. Atualmente é professor titular do Departamento de Engenharia de Biossistemas da Universidade Federal de São João del-Rei (UFSJ), Coordenador do Laboratório de Neurociência Experimental e Computacional &amp;quot;Dr Aristides Azevedo Pacheco Leão&amp;quot;, Coordenador da Câmara IV da Área Interdisciplinar da CAPES. Tem experiência na área de Engenharia Biomédica, atuando, principalmente, nos seguintes temas: depressão alastrante, epilepsia, eletrofisiologia, modelagem matemática e simulação computacional e identificação de propriedades de redes neurais realísticas.",21-11-2022,Universidade Federal de São João Del-Rei,,1
Neurofeedback e performance do músico,2020,ATUAL,PESQUISA,"['Antônio-Carlos Guimarães de Almeida', 'Antônio Márcio Rodrigues', 'Luciana Carina Joly']","['SIM', 'NAO', 'NAO']",2815105916715425,Antônio-Carlos Guimarães de Almeida,Almeida,"ALMEIDA, A.C.G. ou GUIMARAES ALMEIDA, A.C. ou ALMEIDA, A.C.;Almeida, Antônio-Carlos G.;Almeida, Antonio-Carlos G. de;de Almeida, Antônio-Carlos G;de Almeida, Antonio-Carlos;de Almeida, A C G;de Almeida, Antonio-Carlos G.;De Almeida, Antônio-Carlos G.;De Almeida, Antonio-Carlos Guimaraes;DE ALMEIDA, ANTONIO-CARLOS GUIMARÃES;ALMEIDA, ANTONIO-CARLOS GUIMARÃ£ES DE;GUIMARAES ALMEIDA, ANTONIO-CARLOS;GUIMARAES DE ALMEIDA, ANTONIO-CARLOS;GUIMARÃES DE ALMEIDA, ANTÔNIO-CARLOS;DE ALMEIDA, AC;DE ALMEIDA, ANTÔNIO-CARLOS GUIMARÃES;ANTONIO-CARLOS ALMEIDA;DE ALMEIDA, ANTÃ´NIO-CARLOS G.;Antonio-Carlos G. de Almeida;ACG de Almeida;G. DE ALMEIDA, ANTONIO-CARLOS;DE ALMEIDA, A.-C.G.;ALMEIDA, ANTÔNIO C. G.;DE ALMEIDA, ANTONIO CARLOS;ALMEIDA, ANTONIO CARLOS;DE ALMEIDA, A.-C. G.;ALMEIDA, ANTONIO C. G.;DE ALMEIDA, ANTONIO CARLO G.;ALMEIDA, ANTÔNIO-CARLOS GUIMARÃES DE;ALMEIDA, ANTONIO'CARLOS G.;ALMEIDA, ANTÔNIO-CARLOS GUIMARÃES;ALMEIDA, ANTONIO-CARLOS GUIMARAES;DE ALMEIDA, ANTONIO'CARLOS G.;ALMEIDA, ANTONIO-CARLOS G.;DE ALMEIDA, ANTÔNIO C. G.;ALMEIDA, A.-C.G.;ALMEIDA, ANTÔNIO CARLOS G. DE;ALMEIDA, ANTONIO CARLOS G. DE;DE ALMEIDA, ANTÔNIO CARLOS G.;DE ALMEIDA, ANTONIOCARLOS;DE ALMEIDA, ANTONIO-CARLOSG;ALMEIDA, ANTONIO-CARLOS G",São João del Rei,MG,"Possui graduação em Engenharia Elétrica pela Universidade Federal de Juiz de Fora (1985), mestrado em Engenharia Biomédica pela Universidade Federal do Rio de Janeiro (1990), doutorado em Engenharia Biomédica pela Universidade Federal do Rio de Janeiro (1992) e Pós-doutorado pela Johns Hopkins University (2001). Foi membro das Câmaras de Assessoramento da FAPEMIG de Ciências Exatas e da Terra (CEX) e Arquitetura e Engenharias (TEC), participou da Avaliações Trienal da CAPES 2013 e Quadrienal 2017, foi membro do Comitê Assessor de Engenharia Elétrica e Biomédica do CNPq. Atualmente é professor titular do Departamento de Engenharia de Biossistemas da Universidade Federal de São João del-Rei (UFSJ), Coordenador do Laboratório de Neurociência Experimental e Computacional &amp;quot;Dr Aristides Azevedo Pacheco Leão&amp;quot;, Coordenador da Câmara IV da Área Interdisciplinar da CAPES. Tem experiência na área de Engenharia Biomédica, atuando, principalmente, nos seguintes temas: depressão alastrante, epilepsia, eletrofisiologia, modelagem matemática e simulação computacional e identificação de propriedades de redes neurais realísticas.",21-11-2022,Universidade Federal de São João Del-Rei,,1
Redes Neuronais Biológicas &amp;quot;in vitro&amp;quot; e Modelagem Realística: Identificação do Realismo Necessário à Simulação de Propriedades de Rede de Sistemas Neuronais,1997,1999,PESQUISA,['Antônio-Carlos Guimarães de Almeida'],['SIM'],2815105916715425,Antônio-Carlos Guimarães de Almeida,Almeida,"ALMEIDA, A.C.G. ou GUIMARAES ALMEIDA, A.C. ou ALMEIDA, A.C.;Almeida, Antônio-Carlos G.;Almeida, Antonio-Carlos G. de;de Almeida, Antônio-Carlos G;de Almeida, Antonio-Carlos;de Almeida, A C G;de Almeida, Antonio-Carlos G.;De Almeida, Antônio-Carlos G.;De Almeida, Antonio-Carlos Guimaraes;DE ALMEIDA, ANTONIO-CARLOS GUIMARÃES;ALMEIDA, ANTONIO-CARLOS GUIMARÃ£ES DE;GUIMARAES ALMEIDA, ANTONIO-CARLOS;GUIMARAES DE ALMEIDA, ANTONIO-CARLOS;GUIMARÃES DE ALMEIDA, ANTÔNIO-CARLOS;DE ALMEIDA, AC;DE ALMEIDA, ANTÔNIO-CARLOS GUIMARÃES;ANTONIO-CARLOS ALMEIDA;DE ALMEIDA, ANTÃ´NIO-CARLOS G.;Antonio-Carlos G. de Almeida;ACG de Almeida;G. DE ALMEIDA, ANTONIO-CARLOS;DE ALMEIDA, A.-C.G.;ALMEIDA, ANTÔNIO C. G.;DE ALMEIDA, ANTONIO CARLOS;ALMEIDA, ANTONIO CARLOS;DE ALMEIDA, A.-C. G.;ALMEIDA, ANTONIO C. G.;DE ALMEIDA, ANTONIO CARLO G.;ALMEIDA, ANTÔNIO-CARLOS GUIMARÃES DE;ALMEIDA, ANTONIO'CARLOS G.;ALMEIDA, ANTÔNIO-CARLOS GUIMARÃES;ALMEIDA, ANTONIO-CARLOS GUIMARAES;DE ALMEIDA, ANTONIO'CARLOS G.;ALMEIDA, ANTONIO-CARLOS G.;DE ALMEIDA, ANTÔNIO C. G.;ALMEIDA, A.-C.G.;ALMEIDA, ANTÔNIO CARLOS G. DE;ALMEIDA, ANTONIO CARLOS G. DE;DE ALMEIDA, ANTÔNIO CARLOS G.;DE ALMEIDA, ANTONIOCARLOS;DE ALMEIDA, ANTONIO-CARLOSG;ALMEIDA, ANTONIO-CARLOS G",São João del Rei,MG,"Possui graduação em Engenharia Elétrica pela Universidade Federal de Juiz de Fora (1985), mestrado em Engenharia Biomédica pela Universidade Federal do Rio de Janeiro (1990), doutorado em Engenharia Biomédica pela Universidade Federal do Rio de Janeiro (1992) e Pós-doutorado pela Johns Hopkins University (2001). Foi membro das Câmaras de Assessoramento da FAPEMIG de Ciências Exatas e da Terra (CEX) e Arquitetura e Engenharias (TEC), participou da Avaliações Trienal da CAPES 2013 e Quadrienal 2017, foi membro do Comitê Assessor de Engenharia Elétrica e Biomédica do CNPq. Atualmente é professor titular do Departamento de Engenharia de Biossistemas da Universidade Federal de São João del-Rei (UFSJ), Coordenador do Laboratório de Neurociência Experimental e Computacional &amp;quot;Dr Aristides Azevedo Pacheco Leão&amp;quot;, Coordenador da Câmara IV da Área Interdisciplinar da CAPES. Tem experiência na área de Engenharia Biomédica, atuando, principalmente, nos seguintes temas: depressão alastrante, epilepsia, eletrofisiologia, modelagem matemática e simulação computacional e identificação de propriedades de redes neurais realísticas.",21-11-2022,Universidade Federal de São João Del-Rei,,1
Avaliação da resistência de faixas elásticas,2009,2010,PESQUISA,"['Álvaro César de Oliveira Penoni', 'Ricardo Cunha Bernardes', 'Fernanda Barbosa Pereira']","['SIM', 'NAO', 'NAO']",6299438060029855,Álvaro César de Oliveira Penoni,Penoni,"PENONI, Á. C. O.;PENONI, ÁLVARO CÉSAR DE OLIVEIRA;DE OLIVEIRA PENONI, ÁLVARO CÉSAR;PENONI, ÁLVARO C.O.",Lavras,MG,"Doutor em Ciências da Saúde Aplicadas ao Aparelho Locomotor pela Faculdade de Medicina de Ribeirão Preto (USP),  Mestre em Promoção de Saúde pela Universidade de Franca (2004). Possui pós-graduação Lato Sensu em Ginástica Especial Corretiva pela FMU-SP. Graduado em Fisioterapia pela Universidade Estadual de Minas Gerais - UEMG (1997) e em Educação Física pela Faculdade Presbiteriana Gammon (1995). Trabalha como docente no Departamento de Ciências da Educação Física e Saúde e no Programa de Pós-Graduação em Música da Universidade Federal de São João del Rei, Minas Gerais. Atualmente ocupa o cargo de Coordenador do Curso de Educação Física (2021 - 2023). Tem experiência na área de Educação Física e Fisioterapia e atua principalmente nas áreas de Biomecânica, Cinesiologia, Treinamento Resistido e Atletismo. Atualmente conduz, colabora e orienta trabalhos sobre música e saúde, além de colaborar em trabalhos sobre biomecânica aplicada ao tecido ósseo, (osteopenia, osteoporose e fraturas) e avaliação biomecânica do movimento humano. É membro do NDE do curso de Educação Física UFSJ.",15-09-2022,Universidade Federal de São João Del-Rei,,1
Análise comparativa entre o exercício de força e de resistência aeróbia no comportamento mecânico e nas propriedades densitométricas de ossos de ratas osteopênicas,2015,ATUAL,PESQUISA,"['Álvaro César de Oliveira Penoni', 'ALANA DOS SANTOS BUENO', 'Luana Leandro de Faria Rosa']","['SIM', 'NAO', 'NAO']",6299438060029855,Álvaro César de Oliveira Penoni,Penoni,"PENONI, Á. C. O.;PENONI, ÁLVARO CÉSAR DE OLIVEIRA;DE OLIVEIRA PENONI, ÁLVARO CÉSAR;PENONI, ÁLVARO C.O.",Lavras,MG,"Doutor em Ciências da Saúde Aplicadas ao Aparelho Locomotor pela Faculdade de Medicina de Ribeirão Preto (USP),  Mestre em Promoção de Saúde pela Universidade de Franca (2004). Possui pós-graduação Lato Sensu em Ginástica Especial Corretiva pela FMU-SP. Graduado em Fisioterapia pela Universidade Estadual de Minas Gerais - UEMG (1997) e em Educação Física pela Faculdade Presbiteriana Gammon (1995). Trabalha como docente no Departamento de Ciências da Educação Física e Saúde e no Programa de Pós-Graduação em Música da Universidade Federal de São João del Rei, Minas Gerais. Atualmente ocupa o cargo de Coordenador do Curso de Educação Física (2021 - 2023). Tem experiência na área de Educação Física e Fisioterapia e atua principalmente nas áreas de Biomecânica, Cinesiologia, Treinamento Resistido e Atletismo. Atualmente conduz, colabora e orienta trabalhos sobre música e saúde, além de colaborar em trabalhos sobre biomecânica aplicada ao tecido ósseo, (osteopenia, osteoporose e fraturas) e avaliação biomecânica do movimento humano. É membro do NDE do curso de Educação Física UFSJ.",15-09-2022,Universidade Federal de São João Del-Rei,,1
Análise da estrutura óssea de ratas osteopênicas submetidas a diferentes combinações de treinamento físico - Estudo experimental,2015,ATUAL,PESQUISA,"['Álvaro César de Oliveira Penoni', 'ALANA DOS SANTOS BUENO', 'Luana Leandro de Faria Rosa']","['SIM', 'NAO', 'NAO']",6299438060029855,Álvaro César de Oliveira Penoni,Penoni,"PENONI, Á. C. O.;PENONI, ÁLVARO CÉSAR DE OLIVEIRA;DE OLIVEIRA PENONI, ÁLVARO CÉSAR;PENONI, ÁLVARO C.O.",Lavras,MG,"Doutor em Ciências da Saúde Aplicadas ao Aparelho Locomotor pela Faculdade de Medicina de Ribeirão Preto (USP),  Mestre em Promoção de Saúde pela Universidade de Franca (2004). Possui pós-graduação Lato Sensu em Ginástica Especial Corretiva pela FMU-SP. Graduado em Fisioterapia pela Universidade Estadual de Minas Gerais - UEMG (1997) e em Educação Física pela Faculdade Presbiteriana Gammon (1995). Trabalha como docente no Departamento de Ciências da Educação Física e Saúde e no Programa de Pós-Graduação em Música da Universidade Federal de São João del Rei, Minas Gerais. Atualmente ocupa o cargo de Coordenador do Curso de Educação Física (2021 - 2023). Tem experiência na área de Educação Física e Fisioterapia e atua principalmente nas áreas de Biomecânica, Cinesiologia, Treinamento Resistido e Atletismo. Atualmente conduz, colabora e orienta trabalhos sobre música e saúde, além de colaborar em trabalhos sobre biomecânica aplicada ao tecido ósseo, (osteopenia, osteoporose e fraturas) e avaliação biomecânica do movimento humano. É membro do NDE do curso de Educação Física UFSJ.",15-09-2022,Universidade Federal de São João Del-Rei,,1
INFLUÊNCIA DO TIPO DE FIO DE SUTURA EM COMPARAÇÃO COM A TÉCNICA GESSADA NA REGENERAÇÃO PÓS-RUPTURA TOTAL DE TENDÃO DO CALCÂNEO DE RATOS,2013,2015,PESQUISA,"['Álvaro César de Oliveira Penoni', 'ADRIELE DE LIMA LOPES', 'PATRÍCIA FERNANDA BRAZIL DE OLIVEIRA', 'THAYLA CAMILA PEREIRA', 'VERÔNICA BORGES MUNIZ DA SILVA', 'ROMAR ANGELO BARBATO SILVEIRA']","['SIM', 'NAO', 'NAO', 'NAO', 'NAO', 'NAO']",6299438060029855,Álvaro César de Oliveira Penoni,Penoni,"PENONI, Á. C. O.;PENONI, ÁLVARO CÉSAR DE OLIVEIRA;DE OLIVEIRA PENONI, ÁLVARO CÉSAR;PENONI, ÁLVARO C.O.",Lavras,MG,"Doutor em Ciências da Saúde Aplicadas ao Aparelho Locomotor pela Faculdade de Medicina de Ribeirão Preto (USP),  Mestre em Promoção de Saúde pela Universidade de Franca (2004). Possui pós-graduação Lato Sensu em Ginástica Especial Corretiva pela FMU-SP. Graduado em Fisioterapia pela Universidade Estadual de Minas Gerais - UEMG (1997) e em Educação Física pela Faculdade Presbiteriana Gammon (1995). Trabalha como docente no Departamento de Ciências da Educação Física e Saúde e no Programa de Pós-Graduação em Música da Universidade Federal de São João del Rei, Minas Gerais. Atualmente ocupa o cargo de Coordenador do Curso de Educação Física (2021 - 2023). Tem experiência na área de Educação Física e Fisioterapia e atua principalmente nas áreas de Biomecânica, Cinesiologia, Treinamento Resistido e Atletismo. Atualmente conduz, colabora e orienta trabalhos sobre música e saúde, além de colaborar em trabalhos sobre biomecânica aplicada ao tecido ósseo, (osteopenia, osteoporose e fraturas) e avaliação biomecânica do movimento humano. É membro do NDE do curso de Educação Física UFSJ.",15-09-2022,Universidade Federal de São João Del-Rei,,1
INFLUÊNCIA DO EXERCÍCIO NA QUALIDADE DE REGENERAÇÃO DE TENDÕES DE RATOS APÓS RUPTURA TOTAL,2013,2014,PESQUISA,"['Álvaro César de Oliveira Penoni', 'ADRIELE DE LIMA LOPES', 'PATRÍCIA FERNANDA BRAZIL DE OLIVEIRA', 'THAYLA CAMILA PEREIRA', 'VERÔNICA BORGES MUNIZ DA SILVA', 'ROMAR ANGELO BARBATO SILVEIRA', 'FIORITA GONZALES LOPES MUNDIM']","['SIM', 'NAO', 'NAO', 'NAO', 'NAO', 'NAO', 'NAO']",6299438060029855,Álvaro César de Oliveira Penoni,Penoni,"PENONI, Á. C. O.;PENONI, ÁLVARO CÉSAR DE OLIVEIRA;DE OLIVEIRA PENONI, ÁLVARO CÉSAR;PENONI, ÁLVARO C.O.",Lavras,MG,"Doutor em Ciências da Saúde Aplicadas ao Aparelho Locomotor pela Faculdade de Medicina de Ribeirão Preto (USP),  Mestre em Promoção de Saúde pela Universidade de Franca (2004). Possui pós-graduação Lato Sensu em Ginástica Especial Corretiva pela FMU-SP. Graduado em Fisioterapia pela Universidade Estadual de Minas Gerais - UEMG (1997) e em Educação Física pela Faculdade Presbiteriana Gammon (1995). Trabalha como docente no Departamento de Ciências da Educação Física e Saúde e no Programa de Pós-Graduação em Música da Universidade Federal de São João del Rei, Minas Gerais. Atualmente ocupa o cargo de Coordenador do Curso de Educação Física (2021 - 2023). Tem experiência na área de Educação Física e Fisioterapia e atua principalmente nas áreas de Biomecânica, Cinesiologia, Treinamento Resistido e Atletismo. Atualmente conduz, colabora e orienta trabalhos sobre música e saúde, além de colaborar em trabalhos sobre biomecânica aplicada ao tecido ósseo, (osteopenia, osteoporose e fraturas) e avaliação biomecânica do movimento humano. É membro do NDE do curso de Educação Física UFSJ.",15-09-2022,Universidade Federal de São João Del-Rei,,1
Efeito dos exercícios de alongamento sobre a produção de força,2004,2005,PESQUISA,['Álvaro César de Oliveira Penoni'],['SIM'],6299438060029855,Álvaro César de Oliveira Penoni,Penoni,"PENONI, Á. C. O.;PENONI, ÁLVARO CÉSAR DE OLIVEIRA;DE OLIVEIRA PENONI, ÁLVARO CÉSAR;PENONI, ÁLVARO C.O.",Lavras,MG,"Doutor em Ciências da Saúde Aplicadas ao Aparelho Locomotor pela Faculdade de Medicina de Ribeirão Preto (USP),  Mestre em Promoção de Saúde pela Universidade de Franca (2004). Possui pós-graduação Lato Sensu em Ginástica Especial Corretiva pela FMU-SP. Graduado em Fisioterapia pela Universidade Estadual de Minas Gerais - UEMG (1997) e em Educação Física pela Faculdade Presbiteriana Gammon (1995). Trabalha como docente no Departamento de Ciências da Educação Física e Saúde e no Programa de Pós-Graduação em Música da Universidade Federal de São João del Rei, Minas Gerais. Atualmente ocupa o cargo de Coordenador do Curso de Educação Física (2021 - 2023). Tem experiência na área de Educação Física e Fisioterapia e atua principalmente nas áreas de Biomecânica, Cinesiologia, Treinamento Resistido e Atletismo. Atualmente conduz, colabora e orienta trabalhos sobre música e saúde, além de colaborar em trabalhos sobre biomecânica aplicada ao tecido ósseo, (osteopenia, osteoporose e fraturas) e avaliação biomecânica do movimento humano. É membro do NDE do curso de Educação Física UFSJ.",15-09-2022,Universidade Federal de São João Del-Rei,,1
Levantamento do nível de sedentarismo entre universitários dos cursos da área de saúde do Centro Universitário de Lavras,2004,2005,PESQUISA,['Álvaro César de Oliveira Penoni'],['SIM'],6299438060029855,Álvaro César de Oliveira Penoni,Penoni,"PENONI, Á. C. O.;PENONI, ÁLVARO CÉSAR DE OLIVEIRA;DE OLIVEIRA PENONI, ÁLVARO CÉSAR;PENONI, ÁLVARO C.O.",Lavras,MG,"Doutor em Ciências da Saúde Aplicadas ao Aparelho Locomotor pela Faculdade de Medicina de Ribeirão Preto (USP),  Mestre em Promoção de Saúde pela Universidade de Franca (2004). Possui pós-graduação Lato Sensu em Ginástica Especial Corretiva pela FMU-SP. Graduado em Fisioterapia pela Universidade Estadual de Minas Gerais - UEMG (1997) e em Educação Física pela Faculdade Presbiteriana Gammon (1995). Trabalha como docente no Departamento de Ciências da Educação Física e Saúde e no Programa de Pós-Graduação em Música da Universidade Federal de São João del Rei, Minas Gerais. Atualmente ocupa o cargo de Coordenador do Curso de Educação Física (2021 - 2023). Tem experiência na área de Educação Física e Fisioterapia e atua principalmente nas áreas de Biomecânica, Cinesiologia, Treinamento Resistido e Atletismo. Atualmente conduz, colabora e orienta trabalhos sobre música e saúde, além de colaborar em trabalhos sobre biomecânica aplicada ao tecido ósseo, (osteopenia, osteoporose e fraturas) e avaliação biomecânica do movimento humano. É membro do NDE do curso de Educação Física UFSJ.",15-09-2022,Universidade Federal de São João Del-Rei,,1
Relações entre desequilíbrios de força e flexibilidade e desvios posturais de membros inferiores,2008,2009,PESQUISA,['Álvaro César de Oliveira Penoni'],['SIM'],6299438060029855,Álvaro César de Oliveira Penoni,Penoni,"PENONI, Á. C. O.;PENONI, ÁLVARO CÉSAR DE OLIVEIRA;DE OLIVEIRA PENONI, ÁLVARO CÉSAR;PENONI, ÁLVARO C.O.",Lavras,MG,"Doutor em Ciências da Saúde Aplicadas ao Aparelho Locomotor pela Faculdade de Medicina de Ribeirão Preto (USP),  Mestre em Promoção de Saúde pela Universidade de Franca (2004). Possui pós-graduação Lato Sensu em Ginástica Especial Corretiva pela FMU-SP. Graduado em Fisioterapia pela Universidade Estadual de Minas Gerais - UEMG (1997) e em Educação Física pela Faculdade Presbiteriana Gammon (1995). Trabalha como docente no Departamento de Ciências da Educação Física e Saúde e no Programa de Pós-Graduação em Música da Universidade Federal de São João del Rei, Minas Gerais. Atualmente ocupa o cargo de Coordenador do Curso de Educação Física (2021 - 2023). Tem experiência na área de Educação Física e Fisioterapia e atua principalmente nas áreas de Biomecânica, Cinesiologia, Treinamento Resistido e Atletismo. Atualmente conduz, colabora e orienta trabalhos sobre música e saúde, além de colaborar em trabalhos sobre biomecânica aplicada ao tecido ósseo, (osteopenia, osteoporose e fraturas) e avaliação biomecânica do movimento humano. É membro do NDE do curso de Educação Física UFSJ.",15-09-2022,Universidade Federal de São João Del-Rei,,1
Projeto UFLA / UNILAVRAS DE AVALIAÇÃO E ACOMPANHAMENTO DE ATLETAS,2010,2010,EXTENSAO,['Álvaro César de Oliveira Penoni'],['SIM'],6299438060029855,Álvaro César de Oliveira Penoni,Penoni,"PENONI, Á. C. O.;PENONI, ÁLVARO CÉSAR DE OLIVEIRA;DE OLIVEIRA PENONI, ÁLVARO CÉSAR;PENONI, ÁLVARO C.O.",Lavras,MG,"Doutor em Ciências da Saúde Aplicadas ao Aparelho Locomotor pela Faculdade de Medicina de Ribeirão Preto (USP),  Mestre em Promoção de Saúde pela Universidade de Franca (2004). Possui pós-graduação Lato Sensu em Ginástica Especial Corretiva pela FMU-SP. Graduado em Fisioterapia pela Universidade Estadual de Minas Gerais - UEMG (1997) e em Educação Física pela Faculdade Presbiteriana Gammon (1995). Trabalha como docente no Departamento de Ciências da Educação Física e Saúde e no Programa de Pós-Graduação em Música da Universidade Federal de São João del Rei, Minas Gerais. Atualmente ocupa o cargo de Coordenador do Curso de Educação Física (2021 - 2023). Tem experiência na área de Educação Física e Fisioterapia e atua principalmente nas áreas de Biomecânica, Cinesiologia, Treinamento Resistido e Atletismo. Atualmente conduz, colabora e orienta trabalhos sobre música e saúde, além de colaborar em trabalhos sobre biomecânica aplicada ao tecido ósseo, (osteopenia, osteoporose e fraturas) e avaliação biomecânica do movimento humano. É membro do NDE do curso de Educação Física UFSJ.",15-09-2022,Universidade Federal de São João Del-Rei,,1
Influência do salto alto na postura e no comprimento dos músculos de membro inferior,2007,2008,PESQUISA,"['Álvaro César de Oliveira Penoni', 'Mirela Muller Barra', 'Gabriela Cambraia Furtado Costa']","['SIM', 'NAO', 'NAO']",6299438060029855,Álvaro César de Oliveira Penoni,Penoni,"PENONI, Á. C. O.;PENONI, ÁLVARO CÉSAR DE OLIVEIRA;DE OLIVEIRA PENONI, ÁLVARO CÉSAR;PENONI, ÁLVARO C.O.",Lavras,MG,"Doutor em Ciências da Saúde Aplicadas ao Aparelho Locomotor pela Faculdade de Medicina de Ribeirão Preto (USP),  Mestre em Promoção de Saúde pela Universidade de Franca (2004). Possui pós-graduação Lato Sensu em Ginástica Especial Corretiva pela FMU-SP. Graduado em Fisioterapia pela Universidade Estadual de Minas Gerais - UEMG (1997) e em Educação Física pela Faculdade Presbiteriana Gammon (1995). Trabalha como docente no Departamento de Ciências da Educação Física e Saúde e no Programa de Pós-Graduação em Música da Universidade Federal de São João del Rei, Minas Gerais. Atualmente ocupa o cargo de Coordenador do Curso de Educação Física (2021 - 2023). Tem experiência na área de Educação Física e Fisioterapia e atua principalmente nas áreas de Biomecânica, Cinesiologia, Treinamento Resistido e Atletismo. Atualmente conduz, colabora e orienta trabalhos sobre música e saúde, além de colaborar em trabalhos sobre biomecânica aplicada ao tecido ósseo, (osteopenia, osteoporose e fraturas) e avaliação biomecânica do movimento humano. É membro do NDE do curso de Educação Física UFSJ.",15-09-2022,Universidade Federal de São João Del-Rei,,1
Centro Regional de Iniciação ao Atletismo do Campo das Vertentes - CRIA VERTENTES,2017,2018,EXTENSAO,"['Álvaro César de Oliveira Penoni', 'Kleber Adão do Sacramento']","['SIM', 'NAO']",6299438060029855,Álvaro César de Oliveira Penoni,Penoni,"PENONI, Á. C. O.;PENONI, ÁLVARO CÉSAR DE OLIVEIRA;DE OLIVEIRA PENONI, ÁLVARO CÉSAR;PENONI, ÁLVARO C.O.",Lavras,MG,"Doutor em Ciências da Saúde Aplicadas ao Aparelho Locomotor pela Faculdade de Medicina de Ribeirão Preto (USP),  Mestre em Promoção de Saúde pela Universidade de Franca (2004). Possui pós-graduação Lato Sensu em Ginástica Especial Corretiva pela FMU-SP. Graduado em Fisioterapia pela Universidade Estadual de Minas Gerais - UEMG (1997) e em Educação Física pela Faculdade Presbiteriana Gammon (1995). Trabalha como docente no Departamento de Ciências da Educação Física e Saúde e no Programa de Pós-Graduação em Música da Universidade Federal de São João del Rei, Minas Gerais. Atualmente ocupa o cargo de Coordenador do Curso de Educação Física (2021 - 2023). Tem experiência na área de Educação Física e Fisioterapia e atua principalmente nas áreas de Biomecânica, Cinesiologia, Treinamento Resistido e Atletismo. Atualmente conduz, colabora e orienta trabalhos sobre música e saúde, além de colaborar em trabalhos sobre biomecânica aplicada ao tecido ósseo, (osteopenia, osteoporose e fraturas) e avaliação biomecânica do movimento humano. É membro do NDE do curso de Educação Física UFSJ.",15-09-2022,Universidade Federal de São João Del-Rei,,1
ESTUDO E ANÁLISE ERGONÔMICA E DO CONTROLE POSTURAL DE CADEIRANTES PARA A PRODUÇÃO DE UMA CADEIRA DE RODAS INTELIGENTE,2018,ATUAL,PESQUISA,"['Álvaro César de Oliveira Penoni', 'Erika Lorena Fonseca Costa de Alvarenga', 'Luis Fernando Freire de Souza']","['SIM', 'NAO', 'NAO']",6299438060029855,Álvaro César de Oliveira Penoni,Penoni,"PENONI, Á. C. O.;PENONI, ÁLVARO CÉSAR DE OLIVEIRA;DE OLIVEIRA PENONI, ÁLVARO CÉSAR;PENONI, ÁLVARO C.O.",Lavras,MG,"Doutor em Ciências da Saúde Aplicadas ao Aparelho Locomotor pela Faculdade de Medicina de Ribeirão Preto (USP),  Mestre em Promoção de Saúde pela Universidade de Franca (2004). Possui pós-graduação Lato Sensu em Ginástica Especial Corretiva pela FMU-SP. Graduado em Fisioterapia pela Universidade Estadual de Minas Gerais - UEMG (1997) e em Educação Física pela Faculdade Presbiteriana Gammon (1995). Trabalha como docente no Departamento de Ciências da Educação Física e Saúde e no Programa de Pós-Graduação em Música da Universidade Federal de São João del Rei, Minas Gerais. Atualmente ocupa o cargo de Coordenador do Curso de Educação Física (2021 - 2023). Tem experiência na área de Educação Física e Fisioterapia e atua principalmente nas áreas de Biomecânica, Cinesiologia, Treinamento Resistido e Atletismo. Atualmente conduz, colabora e orienta trabalhos sobre música e saúde, além de colaborar em trabalhos sobre biomecânica aplicada ao tecido ósseo, (osteopenia, osteoporose e fraturas) e avaliação biomecânica do movimento humano. É membro do NDE do curso de Educação Física UFSJ.",15-09-2022,Universidade Federal de São João Del-Rei,,1
TESTES DE USABILIDADE E DESENVOLVIMENTO DO INVÓLUCRO DO SISTEMA INERCIAL PARA UMA CADEIRA DE RODAS INTELIGENTE,2020,ATUAL,DESENVOLVIMENTO,"['Álvaro César de Oliveira Penoni', 'Marcio F S Barroso', 'Luis Fernando Freire de Souza']","['SIM', 'NAO', 'NAO']",6299438060029855,Álvaro César de Oliveira Penoni,Penoni,"PENONI, Á. C. O.;PENONI, ÁLVARO CÉSAR DE OLIVEIRA;DE OLIVEIRA PENONI, ÁLVARO CÉSAR;PENONI, ÁLVARO C.O.",Lavras,MG,"Doutor em Ciências da Saúde Aplicadas ao Aparelho Locomotor pela Faculdade de Medicina de Ribeirão Preto (USP),  Mestre em Promoção de Saúde pela Universidade de Franca (2004). Possui pós-graduação Lato Sensu em Ginástica Especial Corretiva pela FMU-SP. Graduado em Fisioterapia pela Universidade Estadual de Minas Gerais - UEMG (1997) e em Educação Física pela Faculdade Presbiteriana Gammon (1995). Trabalha como docente no Departamento de Ciências da Educação Física e Saúde e no Programa de Pós-Graduação em Música da Universidade Federal de São João del Rei, Minas Gerais. Atualmente ocupa o cargo de Coordenador do Curso de Educação Física (2021 - 2023). Tem experiência na área de Educação Física e Fisioterapia e atua principalmente nas áreas de Biomecânica, Cinesiologia, Treinamento Resistido e Atletismo. Atualmente conduz, colabora e orienta trabalhos sobre música e saúde, além de colaborar em trabalhos sobre biomecânica aplicada ao tecido ósseo, (osteopenia, osteoporose e fraturas) e avaliação biomecânica do movimento humano. É membro do NDE do curso de Educação Física UFSJ.",15-09-2022,Universidade Federal de São João Del-Rei,,1
A direção da transferência de aprendizagem entre membros e suas relações com a complexidade da tarefa,2005,2005,PESQUISA,['Guilherme Menezes Lage'],['SIM'],7291980478992375,Guilherme Menezes Lage,Lage,"Lage, G. M.;Lage, Guilherme M., Lage GM;LAGE, G.M.;LAGE, GUILHERME MENEZES;LAGE, GUILHERME M.;MENEZES LAGE, GUILHERME;LAGE, GUILHERME;LAGE, GUILHERME M",Belo Horizonte,MG,"Bacharel em Educação Física, especialista em Treinamento Esportivo, mestre em Educação Física e doutor em Neurociências. É professor Associado da UFMG.  Coordena o Núcleo de Neurociências do Movimento (NNeuroM - UFMG). Link: http://dgp.cnpq.br/dgp/espelhogrupo/9572386886311542&amp;#10;Subcoordenador do Laboratório Institucional de Pesquisa (LIPq) da UFMG, o Laboratório de Neurociências Molecular e Comportamental (LANEC). Integra o corpo de pesquisadores do: 1) Grupo de Estudos em Desenvolvimento e Aprendizagem Motora (GEDAM - UFMG); 2) Grupo de Pesquisa em Ensino, Controle e Aprendizagem na Performance Musical da UFMG (ECAPMUS - UFMG). Tem experiência no estudo do Comportamento Motor, atuando principalmente  no estudo do controle manual por meio (1) da análise neurocomportamental dos fatores que interferem na aprendizagem motora (ex., interferência contextual); (2) da análise anátomo-funcional de áreas e hemisférios cerebrais; (3) da associação com aspectos neuropsicológicos e genéticos.",09-10-2022,Universidade Federal de Minas Gerais,,1
Análise da proficiência motora dos escolares de Montes Claros,2005,2006,PESQUISA,['Guilherme Menezes Lage'],['SIM'],7291980478992375,Guilherme Menezes Lage,Lage,"Lage, G. M.;Lage, Guilherme M., Lage GM;LAGE, G.M.;LAGE, GUILHERME MENEZES;LAGE, GUILHERME M.;MENEZES LAGE, GUILHERME;LAGE, GUILHERME;LAGE, GUILHERME M",Belo Horizonte,MG,"Bacharel em Educação Física, especialista em Treinamento Esportivo, mestre em Educação Física e doutor em Neurociências. É professor Associado da UFMG.  Coordena o Núcleo de Neurociências do Movimento (NNeuroM - UFMG). Link: http://dgp.cnpq.br/dgp/espelhogrupo/9572386886311542&amp;#10;Subcoordenador do Laboratório Institucional de Pesquisa (LIPq) da UFMG, o Laboratório de Neurociências Molecular e Comportamental (LANEC). Integra o corpo de pesquisadores do: 1) Grupo de Estudos em Desenvolvimento e Aprendizagem Motora (GEDAM - UFMG); 2) Grupo de Pesquisa em Ensino, Controle e Aprendizagem na Performance Musical da UFMG (ECAPMUS - UFMG). Tem experiência no estudo do Comportamento Motor, atuando principalmente  no estudo do controle manual por meio (1) da análise neurocomportamental dos fatores que interferem na aprendizagem motora (ex., interferência contextual); (2) da análise anátomo-funcional de áreas e hemisférios cerebrais; (3) da associação com aspectos neuropsicológicos e genéticos.",09-10-2022,Universidade Federal de Minas Gerais,,1
Interferência contextual: relação entre níveis de processamento cognitivo e requerimentos de precisão temporal,2005,2006,PESQUISA,['Guilherme Menezes Lage'],['SIM'],7291980478992375,Guilherme Menezes Lage,Lage,"Lage, G. M.;Lage, Guilherme M., Lage GM;LAGE, G.M.;LAGE, GUILHERME MENEZES;LAGE, GUILHERME M.;MENEZES LAGE, GUILHERME;LAGE, GUILHERME;LAGE, GUILHERME M",Belo Horizonte,MG,"Bacharel em Educação Física, especialista em Treinamento Esportivo, mestre em Educação Física e doutor em Neurociências. É professor Associado da UFMG.  Coordena o Núcleo de Neurociências do Movimento (NNeuroM - UFMG). Link: http://dgp.cnpq.br/dgp/espelhogrupo/9572386886311542&amp;#10;Subcoordenador do Laboratório Institucional de Pesquisa (LIPq) da UFMG, o Laboratório de Neurociências Molecular e Comportamental (LANEC). Integra o corpo de pesquisadores do: 1) Grupo de Estudos em Desenvolvimento e Aprendizagem Motora (GEDAM - UFMG); 2) Grupo de Pesquisa em Ensino, Controle e Aprendizagem na Performance Musical da UFMG (ECAPMUS - UFMG). Tem experiência no estudo do Comportamento Motor, atuando principalmente  no estudo do controle manual por meio (1) da análise neurocomportamental dos fatores que interferem na aprendizagem motora (ex., interferência contextual); (2) da análise anátomo-funcional de áreas e hemisférios cerebrais; (3) da associação com aspectos neuropsicológicos e genéticos.",09-10-2022,Universidade Federal de Minas Gerais,,1
A influência da prática no desempenho dos padrões fundamentais arremessar e chutar no lado não-preferido,2005,2005,PESQUISA,['Guilherme Menezes Lage'],['SIM'],7291980478992375,Guilherme Menezes Lage,Lage,"Lage, G. M.;Lage, Guilherme M., Lage GM;LAGE, G.M.;LAGE, GUILHERME MENEZES;LAGE, GUILHERME M.;MENEZES LAGE, GUILHERME;LAGE, GUILHERME;LAGE, GUILHERME M",Belo Horizonte,MG,"Bacharel em Educação Física, especialista em Treinamento Esportivo, mestre em Educação Física e doutor em Neurociências. É professor Associado da UFMG.  Coordena o Núcleo de Neurociências do Movimento (NNeuroM - UFMG). Link: http://dgp.cnpq.br/dgp/espelhogrupo/9572386886311542&amp;#10;Subcoordenador do Laboratório Institucional de Pesquisa (LIPq) da UFMG, o Laboratório de Neurociências Molecular e Comportamental (LANEC). Integra o corpo de pesquisadores do: 1) Grupo de Estudos em Desenvolvimento e Aprendizagem Motora (GEDAM - UFMG); 2) Grupo de Pesquisa em Ensino, Controle e Aprendizagem na Performance Musical da UFMG (ECAPMUS - UFMG). Tem experiência no estudo do Comportamento Motor, atuando principalmente  no estudo do controle manual por meio (1) da análise neurocomportamental dos fatores que interferem na aprendizagem motora (ex., interferência contextual); (2) da análise anátomo-funcional de áreas e hemisférios cerebrais; (3) da associação com aspectos neuropsicológicos e genéticos.",09-10-2022,Universidade Federal de Minas Gerais,,1
"A influência do comportamento impulsivo (impulsividade motora, atencional e cognitiva) sobre o rendimento de atletas praticantes de handebol",2007,2008,PESQUISA,['Guilherme Menezes Lage'],['SIM'],7291980478992375,Guilherme Menezes Lage,Lage,"Lage, G. M.;Lage, Guilherme M., Lage GM;LAGE, G.M.;LAGE, GUILHERME MENEZES;LAGE, GUILHERME M.;MENEZES LAGE, GUILHERME;LAGE, GUILHERME;LAGE, GUILHERME M",Belo Horizonte,MG,"Bacharel em Educação Física, especialista em Treinamento Esportivo, mestre em Educação Física e doutor em Neurociências. É professor Associado da UFMG.  Coordena o Núcleo de Neurociências do Movimento (NNeuroM - UFMG). Link: http://dgp.cnpq.br/dgp/espelhogrupo/9572386886311542&amp;#10;Subcoordenador do Laboratório Institucional de Pesquisa (LIPq) da UFMG, o Laboratório de Neurociências Molecular e Comportamental (LANEC). Integra o corpo de pesquisadores do: 1) Grupo de Estudos em Desenvolvimento e Aprendizagem Motora (GEDAM - UFMG); 2) Grupo de Pesquisa em Ensino, Controle e Aprendizagem na Performance Musical da UFMG (ECAPMUS - UFMG). Tem experiência no estudo do Comportamento Motor, atuando principalmente  no estudo do controle manual por meio (1) da análise neurocomportamental dos fatores que interferem na aprendizagem motora (ex., interferência contextual); (2) da análise anátomo-funcional de áreas e hemisférios cerebrais; (3) da associação com aspectos neuropsicológicos e genéticos.",09-10-2022,Universidade Federal de Minas Gerais,,1
Associação entre Controle motor e polimorfismos genéticos ligados a função serotonérgica em adultos saudáveis,2008,2009,PESQUISA,['Guilherme Menezes Lage'],['SIM'],7291980478992375,Guilherme Menezes Lage,Lage,"Lage, G. M.;Lage, Guilherme M., Lage GM;LAGE, G.M.;LAGE, GUILHERME MENEZES;LAGE, GUILHERME M.;MENEZES LAGE, GUILHERME;LAGE, GUILHERME;LAGE, GUILHERME M",Belo Horizonte,MG,"Bacharel em Educação Física, especialista em Treinamento Esportivo, mestre em Educação Física e doutor em Neurociências. É professor Associado da UFMG.  Coordena o Núcleo de Neurociências do Movimento (NNeuroM - UFMG). Link: http://dgp.cnpq.br/dgp/espelhogrupo/9572386886311542&amp;#10;Subcoordenador do Laboratório Institucional de Pesquisa (LIPq) da UFMG, o Laboratório de Neurociências Molecular e Comportamental (LANEC). Integra o corpo de pesquisadores do: 1) Grupo de Estudos em Desenvolvimento e Aprendizagem Motora (GEDAM - UFMG); 2) Grupo de Pesquisa em Ensino, Controle e Aprendizagem na Performance Musical da UFMG (ECAPMUS - UFMG). Tem experiência no estudo do Comportamento Motor, atuando principalmente  no estudo do controle manual por meio (1) da análise neurocomportamental dos fatores que interferem na aprendizagem motora (ex., interferência contextual); (2) da análise anátomo-funcional de áreas e hemisférios cerebrais; (3) da associação com aspectos neuropsicológicos e genéticos.",09-10-2022,Universidade Federal de Minas Gerais,,1
Controle motor de movimentos manuais em disléxicos: uma investigação das hipóteses neurológicas,2009,2010,PESQUISA,['Guilherme Menezes Lage'],['SIM'],7291980478992375,Guilherme Menezes Lage,Lage,"Lage, G. M.;Lage, Guilherme M., Lage GM;LAGE, G.M.;LAGE, GUILHERME MENEZES;LAGE, GUILHERME M.;MENEZES LAGE, GUILHERME;LAGE, GUILHERME;LAGE, GUILHERME M",Belo Horizonte,MG,"Bacharel em Educação Física, especialista em Treinamento Esportivo, mestre em Educação Física e doutor em Neurociências. É professor Associado da UFMG.  Coordena o Núcleo de Neurociências do Movimento (NNeuroM - UFMG). Link: http://dgp.cnpq.br/dgp/espelhogrupo/9572386886311542&amp;#10;Subcoordenador do Laboratório Institucional de Pesquisa (LIPq) da UFMG, o Laboratório de Neurociências Molecular e Comportamental (LANEC). Integra o corpo de pesquisadores do: 1) Grupo de Estudos em Desenvolvimento e Aprendizagem Motora (GEDAM - UFMG); 2) Grupo de Pesquisa em Ensino, Controle e Aprendizagem na Performance Musical da UFMG (ECAPMUS - UFMG). Tem experiência no estudo do Comportamento Motor, atuando principalmente  no estudo do controle manual por meio (1) da análise neurocomportamental dos fatores que interferem na aprendizagem motora (ex., interferência contextual); (2) da análise anátomo-funcional de áreas e hemisférios cerebrais; (3) da associação com aspectos neuropsicológicos e genéticos.",09-10-2022,Universidade Federal de Minas Gerais,,1
Impulsividade: efeitos do feedback auto-controlado na aprendizagem motora,2010,2011,PESQUISA,['Guilherme Menezes Lage'],['SIM'],7291980478992375,Guilherme Menezes Lage,Lage,"Lage, G. M.;Lage, Guilherme M., Lage GM;LAGE, G.M.;LAGE, GUILHERME MENEZES;LAGE, GUILHERME M.;MENEZES LAGE, GUILHERME;LAGE, GUILHERME;LAGE, GUILHERME M",Belo Horizonte,MG,"Bacharel em Educação Física, especialista em Treinamento Esportivo, mestre em Educação Física e doutor em Neurociências. É professor Associado da UFMG.  Coordena o Núcleo de Neurociências do Movimento (NNeuroM - UFMG). Link: http://dgp.cnpq.br/dgp/espelhogrupo/9572386886311542&amp;#10;Subcoordenador do Laboratório Institucional de Pesquisa (LIPq) da UFMG, o Laboratório de Neurociências Molecular e Comportamental (LANEC). Integra o corpo de pesquisadores do: 1) Grupo de Estudos em Desenvolvimento e Aprendizagem Motora (GEDAM - UFMG); 2) Grupo de Pesquisa em Ensino, Controle e Aprendizagem na Performance Musical da UFMG (ECAPMUS - UFMG). Tem experiência no estudo do Comportamento Motor, atuando principalmente  no estudo do controle manual por meio (1) da análise neurocomportamental dos fatores que interferem na aprendizagem motora (ex., interferência contextual); (2) da análise anátomo-funcional de áreas e hemisférios cerebrais; (3) da associação com aspectos neuropsicológicos e genéticos.",09-10-2022,Universidade Federal de Minas Gerais,,1
Assimetria de desempenho manual e complexidade da tarefa: efeitos da programação motora sobre os perfis de aceleração e velocidade dos membros superiores contralaterais,2006,2007,PESQUISA,['Guilherme Menezes Lage'],['SIM'],7291980478992375,Guilherme Menezes Lage,Lage,"Lage, G. M.;Lage, Guilherme M., Lage GM;LAGE, G.M.;LAGE, GUILHERME MENEZES;LAGE, GUILHERME M.;MENEZES LAGE, GUILHERME;LAGE, GUILHERME;LAGE, GUILHERME M",Belo Horizonte,MG,"Bacharel em Educação Física, especialista em Treinamento Esportivo, mestre em Educação Física e doutor em Neurociências. É professor Associado da UFMG.  Coordena o Núcleo de Neurociências do Movimento (NNeuroM - UFMG). Link: http://dgp.cnpq.br/dgp/espelhogrupo/9572386886311542&amp;#10;Subcoordenador do Laboratório Institucional de Pesquisa (LIPq) da UFMG, o Laboratório de Neurociências Molecular e Comportamental (LANEC). Integra o corpo de pesquisadores do: 1) Grupo de Estudos em Desenvolvimento e Aprendizagem Motora (GEDAM - UFMG); 2) Grupo de Pesquisa em Ensino, Controle e Aprendizagem na Performance Musical da UFMG (ECAPMUS - UFMG). Tem experiência no estudo do Comportamento Motor, atuando principalmente  no estudo do controle manual por meio (1) da análise neurocomportamental dos fatores que interferem na aprendizagem motora (ex., interferência contextual); (2) da análise anátomo-funcional de áreas e hemisférios cerebrais; (3) da associação com aspectos neuropsicológicos e genéticos.",09-10-2022,Universidade Federal de Minas Gerais,,1
Informação visual e tátil no controle da afinação não-temperada do contrabaixo,2005,2008,PESQUISA,"['Guilherme Menezes Lage', 'Maurílio Nunes Vieira', 'Fausto', 'J barreiros']","['NAO', 'NAO', 'SIM', 'NAO']",7291980478992375,Guilherme Menezes Lage,Lage,"Lage, G. M.;Lage, Guilherme M., Lage GM;LAGE, G.M.;LAGE, GUILHERME MENEZES;LAGE, GUILHERME M.;MENEZES LAGE, GUILHERME;LAGE, GUILHERME;LAGE, GUILHERME M",Belo Horizonte,MG,"Bacharel em Educação Física, especialista em Treinamento Esportivo, mestre em Educação Física e doutor em Neurociências. É professor Associado da UFMG.  Coordena o Núcleo de Neurociências do Movimento (NNeuroM - UFMG). Link: http://dgp.cnpq.br/dgp/espelhogrupo/9572386886311542&amp;#10;Subcoordenador do Laboratório Institucional de Pesquisa (LIPq) da UFMG, o Laboratório de Neurociências Molecular e Comportamental (LANEC). Integra o corpo de pesquisadores do: 1) Grupo de Estudos em Desenvolvimento e Aprendizagem Motora (GEDAM - UFMG); 2) Grupo de Pesquisa em Ensino, Controle e Aprendizagem na Performance Musical da UFMG (ECAPMUS - UFMG). Tem experiência no estudo do Comportamento Motor, atuando principalmente  no estudo do controle manual por meio (1) da análise neurocomportamental dos fatores que interferem na aprendizagem motora (ex., interferência contextual); (2) da análise anátomo-funcional de áreas e hemisférios cerebrais; (3) da associação com aspectos neuropsicológicos e genéticos.",09-10-2022,Universidade Federal de Minas Gerais,,1
Intervenção Motora para Crianças com Transtorno de Atenção e Hiperatividade (IMPACTAH),2014,ATUAL,EXTENSAO,"['Guilherme Menezes Lage', 'Tercio Apolinário de Souza', 'Simara Regina de Oliveira Ribeiro']","['SIM', 'NAO', 'NAO']",7291980478992375,Guilherme Menezes Lage,Lage,"Lage, G. M.;Lage, Guilherme M., Lage GM;LAGE, G.M.;LAGE, GUILHERME MENEZES;LAGE, GUILHERME M.;MENEZES LAGE, GUILHERME;LAGE, GUILHERME;LAGE, GUILHERME M",Belo Horizonte,MG,"Bacharel em Educação Física, especialista em Treinamento Esportivo, mestre em Educação Física e doutor em Neurociências. É professor Associado da UFMG.  Coordena o Núcleo de Neurociências do Movimento (NNeuroM - UFMG). Link: http://dgp.cnpq.br/dgp/espelhogrupo/9572386886311542&amp;#10;Subcoordenador do Laboratório Institucional de Pesquisa (LIPq) da UFMG, o Laboratório de Neurociências Molecular e Comportamental (LANEC). Integra o corpo de pesquisadores do: 1) Grupo de Estudos em Desenvolvimento e Aprendizagem Motora (GEDAM - UFMG); 2) Grupo de Pesquisa em Ensino, Controle e Aprendizagem na Performance Musical da UFMG (ECAPMUS - UFMG). Tem experiência no estudo do Comportamento Motor, atuando principalmente  no estudo do controle manual por meio (1) da análise neurocomportamental dos fatores que interferem na aprendizagem motora (ex., interferência contextual); (2) da análise anátomo-funcional de áreas e hemisférios cerebrais; (3) da associação com aspectos neuropsicológicos e genéticos.",09-10-2022,Universidade Federal de Minas Gerais,,1
Modulação do controle motor por meio de estimulação o transcraniana por corrente contínua: alterações nas assimetrias de desempenho manual,2014,2018,PESQUISA,"['Guilherme Menezes Lage', 'Herbert Ugrinowitsch', 'Rodolfo Benda', 'Leandro Diniz', 'Marco Aurélio Romano-Silva', 'Débora Marques Miranda']","['SIM', 'NAO', 'NAO', 'NAO', 'NAO', 'NAO']",7291980478992375,Guilherme Menezes Lage,Lage,"Lage, G. M.;Lage, Guilherme M., Lage GM;LAGE, G.M.;LAGE, GUILHERME MENEZES;LAGE, GUILHERME M.;MENEZES LAGE, GUILHERME;LAGE, GUILHERME;LAGE, GUILHERME M",Belo Horizonte,MG,"Bacharel em Educação Física, especialista em Treinamento Esportivo, mestre em Educação Física e doutor em Neurociências. É professor Associado da UFMG.  Coordena o Núcleo de Neurociências do Movimento (NNeuroM - UFMG). Link: http://dgp.cnpq.br/dgp/espelhogrupo/9572386886311542&amp;#10;Subcoordenador do Laboratório Institucional de Pesquisa (LIPq) da UFMG, o Laboratório de Neurociências Molecular e Comportamental (LANEC). Integra o corpo de pesquisadores do: 1) Grupo de Estudos em Desenvolvimento e Aprendizagem Motora (GEDAM - UFMG); 2) Grupo de Pesquisa em Ensino, Controle e Aprendizagem na Performance Musical da UFMG (ECAPMUS - UFMG). Tem experiência no estudo do Comportamento Motor, atuando principalmente  no estudo do controle manual por meio (1) da análise neurocomportamental dos fatores que interferem na aprendizagem motora (ex., interferência contextual); (2) da análise anátomo-funcional de áreas e hemisférios cerebrais; (3) da associação com aspectos neuropsicológicos e genéticos.",09-10-2022,Universidade Federal de Minas Gerais,,1
Núcleo para Políticas Informadas por Evidências,2014,ATUAL,EXTENSAO,"['Guilherme Menezes Lage', 'Leandro Malloy-Diniz', 'Marco Aurélio Romano-Silva', 'Débora Marques Miranda', 'LUIZ ARMANDO CUNHA DE MARCO', 'FREDERICO DUARTE GARCIA', 'ANA CRISTINA SIMOES E SILVA']","['NAO', 'NAO', 'SIM', 'NAO', 'NAO', 'NAO', 'NAO']",7291980478992375,Guilherme Menezes Lage,Lage,"Lage, G. M.;Lage, Guilherme M., Lage GM;LAGE, G.M.;LAGE, GUILHERME MENEZES;LAGE, GUILHERME M.;MENEZES LAGE, GUILHERME;LAGE, GUILHERME;LAGE, GUILHERME M",Belo Horizonte,MG,"Bacharel em Educação Física, especialista em Treinamento Esportivo, mestre em Educação Física e doutor em Neurociências. É professor Associado da UFMG.  Coordena o Núcleo de Neurociências do Movimento (NNeuroM - UFMG). Link: http://dgp.cnpq.br/dgp/espelhogrupo/9572386886311542&amp;#10;Subcoordenador do Laboratório Institucional de Pesquisa (LIPq) da UFMG, o Laboratório de Neurociências Molecular e Comportamental (LANEC). Integra o corpo de pesquisadores do: 1) Grupo de Estudos em Desenvolvimento e Aprendizagem Motora (GEDAM - UFMG); 2) Grupo de Pesquisa em Ensino, Controle e Aprendizagem na Performance Musical da UFMG (ECAPMUS - UFMG). Tem experiência no estudo do Comportamento Motor, atuando principalmente  no estudo do controle manual por meio (1) da análise neurocomportamental dos fatores que interferem na aprendizagem motora (ex., interferência contextual); (2) da análise anátomo-funcional de áreas e hemisférios cerebrais; (3) da associação com aspectos neuropsicológicos e genéticos.",09-10-2022,Universidade Federal de Minas Gerais,,1
Aspectos neurobiológicos envolvidos na organização da prática,2016,ATUAL,PESQUISA,"['Guilherme Menezes Lage', 'Tercio Apolinário de Souza', 'Natália Lelis Torres']","['SIM', 'NAO', 'NAO']",7291980478992375,Guilherme Menezes Lage,Lage,"Lage, G. M.;Lage, Guilherme M., Lage GM;LAGE, G.M.;LAGE, GUILHERME MENEZES;LAGE, GUILHERME M.;MENEZES LAGE, GUILHERME;LAGE, GUILHERME;LAGE, GUILHERME M",Belo Horizonte,MG,"Bacharel em Educação Física, especialista em Treinamento Esportivo, mestre em Educação Física e doutor em Neurociências. É professor Associado da UFMG.  Coordena o Núcleo de Neurociências do Movimento (NNeuroM - UFMG). Link: http://dgp.cnpq.br/dgp/espelhogrupo/9572386886311542&amp;#10;Subcoordenador do Laboratório Institucional de Pesquisa (LIPq) da UFMG, o Laboratório de Neurociências Molecular e Comportamental (LANEC). Integra o corpo de pesquisadores do: 1) Grupo de Estudos em Desenvolvimento e Aprendizagem Motora (GEDAM - UFMG); 2) Grupo de Pesquisa em Ensino, Controle e Aprendizagem na Performance Musical da UFMG (ECAPMUS - UFMG). Tem experiência no estudo do Comportamento Motor, atuando principalmente  no estudo do controle manual por meio (1) da análise neurocomportamental dos fatores que interferem na aprendizagem motora (ex., interferência contextual); (2) da análise anátomo-funcional de áreas e hemisférios cerebrais; (3) da associação com aspectos neuropsicológicos e genéticos.",09-10-2022,Universidade Federal de Minas Gerais,,1
"Associação entre parâmetros oculomotores, parâmetros eletroencefalográficos e a organização da prática",2019,ATUAL,PESQUISA,"['Guilherme Menezes Lage', 'Herbert Ugrinowitsch', 'Tercio Apolinário de Souza', 'Lidiane Aparecida Fernandes', 'Lucas Eduardo Antunes Bicalho', 'Carlos Eduardo Campos', 'Juliana Otoni Parma']","['SIM', 'NAO', 'NAO', 'NAO', 'NAO', 'NAO', 'NAO']",7291980478992375,Guilherme Menezes Lage,Lage,"Lage, G. M.;Lage, Guilherme M., Lage GM;LAGE, G.M.;LAGE, GUILHERME MENEZES;LAGE, GUILHERME M.;MENEZES LAGE, GUILHERME;LAGE, GUILHERME;LAGE, GUILHERME M",Belo Horizonte,MG,"Bacharel em Educação Física, especialista em Treinamento Esportivo, mestre em Educação Física e doutor em Neurociências. É professor Associado da UFMG.  Coordena o Núcleo de Neurociências do Movimento (NNeuroM - UFMG). Link: http://dgp.cnpq.br/dgp/espelhogrupo/9572386886311542&amp;#10;Subcoordenador do Laboratório Institucional de Pesquisa (LIPq) da UFMG, o Laboratório de Neurociências Molecular e Comportamental (LANEC). Integra o corpo de pesquisadores do: 1) Grupo de Estudos em Desenvolvimento e Aprendizagem Motora (GEDAM - UFMG); 2) Grupo de Pesquisa em Ensino, Controle e Aprendizagem na Performance Musical da UFMG (ECAPMUS - UFMG). Tem experiência no estudo do Comportamento Motor, atuando principalmente  no estudo do controle manual por meio (1) da análise neurocomportamental dos fatores que interferem na aprendizagem motora (ex., interferência contextual); (2) da análise anátomo-funcional de áreas e hemisférios cerebrais; (3) da associação com aspectos neuropsicológicos e genéticos.",09-10-2022,Universidade Federal de Minas Gerais,,1
"Projeto de elaboração, consultoria e assessoria de cursos em Comportamento Motor",2021,ATUAL,EXTENSAO,['Guilherme Menezes Lage'],['SIM'],7291980478992375,Guilherme Menezes Lage,Lage,"Lage, G. M.;Lage, Guilherme M., Lage GM;LAGE, G.M.;LAGE, GUILHERME MENEZES;LAGE, GUILHERME M.;MENEZES LAGE, GUILHERME;LAGE, GUILHERME;LAGE, GUILHERME M",Belo Horizonte,MG,"Bacharel em Educação Física, especialista em Treinamento Esportivo, mestre em Educação Física e doutor em Neurociências. É professor Associado da UFMG.  Coordena o Núcleo de Neurociências do Movimento (NNeuroM - UFMG). Link: http://dgp.cnpq.br/dgp/espelhogrupo/9572386886311542&amp;#10;Subcoordenador do Laboratório Institucional de Pesquisa (LIPq) da UFMG, o Laboratório de Neurociências Molecular e Comportamental (LANEC). Integra o corpo de pesquisadores do: 1) Grupo de Estudos em Desenvolvimento e Aprendizagem Motora (GEDAM - UFMG); 2) Grupo de Pesquisa em Ensino, Controle e Aprendizagem na Performance Musical da UFMG (ECAPMUS - UFMG). Tem experiência no estudo do Comportamento Motor, atuando principalmente  no estudo do controle manual por meio (1) da análise neurocomportamental dos fatores que interferem na aprendizagem motora (ex., interferência contextual); (2) da análise anátomo-funcional de áreas e hemisférios cerebrais; (3) da associação com aspectos neuropsicológicos e genéticos.",09-10-2022,Universidade Federal de Minas Gerais,,1
Inovação e empreendedorismo em neurociência do comportamento motor,2021,ATUAL,EXTENSAO,['Guilherme Menezes Lage'],['SIM'],7291980478992375,Guilherme Menezes Lage,Lage,"Lage, G. M.;Lage, Guilherme M., Lage GM;LAGE, G.M.;LAGE, GUILHERME MENEZES;LAGE, GUILHERME M.;MENEZES LAGE, GUILHERME;LAGE, GUILHERME;LAGE, GUILHERME M",Belo Horizonte,MG,"Bacharel em Educação Física, especialista em Treinamento Esportivo, mestre em Educação Física e doutor em Neurociências. É professor Associado da UFMG.  Coordena o Núcleo de Neurociências do Movimento (NNeuroM - UFMG). Link: http://dgp.cnpq.br/dgp/espelhogrupo/9572386886311542&amp;#10;Subcoordenador do Laboratório Institucional de Pesquisa (LIPq) da UFMG, o Laboratório de Neurociências Molecular e Comportamental (LANEC). Integra o corpo de pesquisadores do: 1) Grupo de Estudos em Desenvolvimento e Aprendizagem Motora (GEDAM - UFMG); 2) Grupo de Pesquisa em Ensino, Controle e Aprendizagem na Performance Musical da UFMG (ECAPMUS - UFMG). Tem experiência no estudo do Comportamento Motor, atuando principalmente  no estudo do controle manual por meio (1) da análise neurocomportamental dos fatores que interferem na aprendizagem motora (ex., interferência contextual); (2) da análise anátomo-funcional de áreas e hemisférios cerebrais; (3) da associação com aspectos neuropsicológicos e genéticos.",09-10-2022,Universidade Federal de Minas Gerais,,1
"Estrutura de prática, nível de habilidade e dificuldade da tarefa motora: testagem da proposta do ponto de desafio através da análise cinemática e resposta pupilar",2013,2016,PESQUISA,['Guilherme Menezes Lage'],['SIM'],7291980478992375,Guilherme Menezes Lage,Lage,"Lage, G. M.;Lage, Guilherme M., Lage GM;LAGE, G.M.;LAGE, GUILHERME MENEZES;LAGE, GUILHERME M.;MENEZES LAGE, GUILHERME;LAGE, GUILHERME;LAGE, GUILHERME M",Belo Horizonte,MG,"Bacharel em Educação Física, especialista em Treinamento Esportivo, mestre em Educação Física e doutor em Neurociências. É professor Associado da UFMG.  Coordena o Núcleo de Neurociências do Movimento (NNeuroM - UFMG). Link: http://dgp.cnpq.br/dgp/espelhogrupo/9572386886311542&amp;#10;Subcoordenador do Laboratório Institucional de Pesquisa (LIPq) da UFMG, o Laboratório de Neurociências Molecular e Comportamental (LANEC). Integra o corpo de pesquisadores do: 1) Grupo de Estudos em Desenvolvimento e Aprendizagem Motora (GEDAM - UFMG); 2) Grupo de Pesquisa em Ensino, Controle e Aprendizagem na Performance Musical da UFMG (ECAPMUS - UFMG). Tem experiência no estudo do Comportamento Motor, atuando principalmente  no estudo do controle manual por meio (1) da análise neurocomportamental dos fatores que interferem na aprendizagem motora (ex., interferência contextual); (2) da análise anátomo-funcional de áreas e hemisférios cerebrais; (3) da associação com aspectos neuropsicológicos e genéticos.",09-10-2022,Universidade Federal de Minas Gerais,,1
EFEITOS DA MODULAÇÃO CORTICAL NA TRANSFERÊNCIA BILATERAL DE APRENDIZAGEM EM INDIVÍDUOS COM LATERALIDADE DISTINTA,2022,ATUAL,PESQUISA,"['Guilherme Menezes Lage', 'Tercio Apolinário de Souza', 'Lidiane Aparecida Fernandes']","['NAO', 'NAO', 'SIM']",7291980478992375,Guilherme Menezes Lage,Lage,"Lage, G. M.;Lage, Guilherme M., Lage GM;LAGE, G.M.;LAGE, GUILHERME MENEZES;LAGE, GUILHERME M.;MENEZES LAGE, GUILHERME;LAGE, GUILHERME;LAGE, GUILHERME M",Belo Horizonte,MG,"Bacharel em Educação Física, especialista em Treinamento Esportivo, mestre em Educação Física e doutor em Neurociências. É professor Associado da UFMG.  Coordena o Núcleo de Neurociências do Movimento (NNeuroM - UFMG). Link: http://dgp.cnpq.br/dgp/espelhogrupo/9572386886311542&amp;#10;Subcoordenador do Laboratório Institucional de Pesquisa (LIPq) da UFMG, o Laboratório de Neurociências Molecular e Comportamental (LANEC). Integra o corpo de pesquisadores do: 1) Grupo de Estudos em Desenvolvimento e Aprendizagem Motora (GEDAM - UFMG); 2) Grupo de Pesquisa em Ensino, Controle e Aprendizagem na Performance Musical da UFMG (ECAPMUS - UFMG). Tem experiência no estudo do Comportamento Motor, atuando principalmente  no estudo do controle manual por meio (1) da análise neurocomportamental dos fatores que interferem na aprendizagem motora (ex., interferência contextual); (2) da análise anátomo-funcional de áreas e hemisférios cerebrais; (3) da associação com aspectos neuropsicológicos e genéticos.",09-10-2022,Universidade Federal de Minas Gerais,,1
Adolescente Saudável,2010,2010,EXTENSAO,"['Alessandro de Oliveira', 'Vitor Augusto Kersul']","['SIM', 'NAO']",8279978272772083,Alessandro de Oliveira,Oliveira,"de OLIVEIRA, Alessandro;OLIVEIRA, AD;de OLIVEIRA, A;OLIVEIRA, A. D.;DE OLIVEIRA, A.;OLIVEIRA, ALESSANDRO;Oliveira, Alessandro de",Campo Belo,MG,"Possui graduação em Licenciatura Plena em Educação Física pelo Instituto Gammon Escola de I II e III Graus (1997),  mestrado em Ciências do Esporte pela Universidade Federal de Minas Gerais (2001) e doutorado em Ciência da Nutrição pela Universidade Federal de Viçosa  (2014). Atualmente é professor adjunto da Universidade Federal de São João del e membro da Sociedade Brasileira de Atividade Física e Saúde, Possui experiência na área de Educação Física com ênfase em Atividade física e saúde, Fisiologia do Exercício, Medidas e Avaliação e Nutrição Esportiva, atuando principalmente com os seguintes descritores: antropometria, composição corporal, atividade física, síndrome metabólica e doenças cardiometabólicas.",23-11-2022,Universidade Federal de São João Del Rey,https://orcid.org/0000-0003-3510-7070,1
Perfil Antropométrico de Praticantes de Atividades Físicas recreativas no bairro Tejuco do Município de São João del-Rei (MG),2009,2010,PESQUISA,"['Alessandro de Oliveira', 'Marina Cristina de Carvlho Nolasco']","['SIM', 'NAO']",8279978272772083,Alessandro de Oliveira,Oliveira,"de OLIVEIRA, Alessandro;OLIVEIRA, AD;de OLIVEIRA, A;OLIVEIRA, A. D.;DE OLIVEIRA, A.;OLIVEIRA, ALESSANDRO;Oliveira, Alessandro de",Campo Belo,MG,"Possui graduação em Licenciatura Plena em Educação Física pelo Instituto Gammon Escola de I II e III Graus (1997),  mestrado em Ciências do Esporte pela Universidade Federal de Minas Gerais (2001) e doutorado em Ciência da Nutrição pela Universidade Federal de Viçosa  (2014). Atualmente é professor adjunto da Universidade Federal de São João del e membro da Sociedade Brasileira de Atividade Física e Saúde, Possui experiência na área de Educação Física com ênfase em Atividade física e saúde, Fisiologia do Exercício, Medidas e Avaliação e Nutrição Esportiva, atuando principalmente com os seguintes descritores: antropometria, composição corporal, atividade física, síndrome metabólica e doenças cardiometabólicas.",23-11-2022,Universidade Federal de São João Del Rey,https://orcid.org/0000-0003-3510-7070,1
Efeito de um treinamento físico contínuo e intervalado nos parâmetros antropométricos de mulheres com excesso de peso.,2009,2010,PESQUISA,"['Alessandro de Oliveira', 'Alejandro Salinas Peixoto', 'Pollyana Mara de Carvalho Moura', 'Rodrigo Barboza da Silva']","['SIM', 'NAO', 'NAO', 'NAO']",8279978272772083,Alessandro de Oliveira,Oliveira,"de OLIVEIRA, Alessandro;OLIVEIRA, AD;de OLIVEIRA, A;OLIVEIRA, A. D.;DE OLIVEIRA, A.;OLIVEIRA, ALESSANDRO;Oliveira, Alessandro de",Campo Belo,MG,"Possui graduação em Licenciatura Plena em Educação Física pelo Instituto Gammon Escola de I II e III Graus (1997),  mestrado em Ciências do Esporte pela Universidade Federal de Minas Gerais (2001) e doutorado em Ciência da Nutrição pela Universidade Federal de Viçosa  (2014). Atualmente é professor adjunto da Universidade Federal de São João del e membro da Sociedade Brasileira de Atividade Física e Saúde, Possui experiência na área de Educação Física com ênfase em Atividade física e saúde, Fisiologia do Exercício, Medidas e Avaliação e Nutrição Esportiva, atuando principalmente com os seguintes descritores: antropometria, composição corporal, atividade física, síndrome metabólica e doenças cardiometabólicas.",23-11-2022,Universidade Federal de São João Del Rey,https://orcid.org/0000-0003-3510-7070,1
Perfil Antropométrico e Metabólico de jogadores de Futebol de categorias de base de um clube do município de São João del-Rei (MG),2009,2010,PESQUISA,['Alessandro de Oliveira'],['SIM'],8279978272772083,Alessandro de Oliveira,Oliveira,"de OLIVEIRA, Alessandro;OLIVEIRA, AD;de OLIVEIRA, A;OLIVEIRA, A. D.;DE OLIVEIRA, A.;OLIVEIRA, ALESSANDRO;Oliveira, Alessandro de",Campo Belo,MG,"Possui graduação em Licenciatura Plena em Educação Física pelo Instituto Gammon Escola de I II e III Graus (1997),  mestrado em Ciências do Esporte pela Universidade Federal de Minas Gerais (2001) e doutorado em Ciência da Nutrição pela Universidade Federal de Viçosa  (2014). Atualmente é professor adjunto da Universidade Federal de São João del e membro da Sociedade Brasileira de Atividade Física e Saúde, Possui experiência na área de Educação Física com ênfase em Atividade física e saúde, Fisiologia do Exercício, Medidas e Avaliação e Nutrição Esportiva, atuando principalmente com os seguintes descritores: antropometria, composição corporal, atividade física, síndrome metabólica e doenças cardiometabólicas.",23-11-2022,Universidade Federal de São João Del Rey,https://orcid.org/0000-0003-3510-7070,1
Analise do Perfil Metabólico e Antropométrico de Ciclistas e Lutadores de São João Del Rei (MG),2009,2009,PESQUISA,"['Alessandro de Oliveira', 'Bruno Michael Amante', 'João marcos Rios Alves', 'Ramon Neves Grau Carbo']","['SIM', 'NAO', 'NAO', 'NAO']",8279978272772083,Alessandro de Oliveira,Oliveira,"de OLIVEIRA, Alessandro;OLIVEIRA, AD;de OLIVEIRA, A;OLIVEIRA, A. D.;DE OLIVEIRA, A.;OLIVEIRA, ALESSANDRO;Oliveira, Alessandro de",Campo Belo,MG,"Possui graduação em Licenciatura Plena em Educação Física pelo Instituto Gammon Escola de I II e III Graus (1997),  mestrado em Ciências do Esporte pela Universidade Federal de Minas Gerais (2001) e doutorado em Ciência da Nutrição pela Universidade Federal de Viçosa  (2014). Atualmente é professor adjunto da Universidade Federal de São João del e membro da Sociedade Brasileira de Atividade Física e Saúde, Possui experiência na área de Educação Física com ênfase em Atividade física e saúde, Fisiologia do Exercício, Medidas e Avaliação e Nutrição Esportiva, atuando principalmente com os seguintes descritores: antropometria, composição corporal, atividade física, síndrome metabólica e doenças cardiometabólicas.",23-11-2022,Universidade Federal de São João Del Rey,https://orcid.org/0000-0003-3510-7070,1
